Код компании;Наименование компании
28;А ПЛЮС ТРЕЙД  ТОВ С-2 порез.по письму!-26.09.25
34;Абсолют-Сталь ООО С-2
36;АВ МЕТАЛЛ ГРУПП ТОВ
45;Авант  ТК ООО С-2
58;Аверс-Агро ООО А-2
64;Авилон ООО НПП
71;АВЛ-ТРЕЙД ООО
82;АВС-ТРОИЦА ЧП
84;АВТОГАЗ ЦЕНТР ТОВ
113;АВТОСТАР ЧП С-2
114;Автострой плюс ООО
128;Агатис ТСК ООО С-2
134;АГРА ЧФ  С-1
144;АГРО ВАЛЕКС ООО не плат. С-1
150;Агро Металло Сервис ООО В-2
152;Агро Партнери  ТД   ТОВ С-2
153;ПОЛІ ПЛАСТ ТОВ
154;Агро пром сфера ООО С-2
167;Агродеталь ПВКП  С-1
169;Агро-Днепр почта ООО С-2
177;Агрокуб ТОВ С-2
178;Агроленд-запчасть ООО С-1 ГОД Д
180;Клиент 180
185;Агромаш-Калина ООО  С2
206;Клиент 206
213;Агропромтехника Никопольская рай-я ОАО С-2
226;Агросистема Плюс Машзавод С-2
249;АГРОТЕХ  Ореховский  А-3
252;Агротехкомплект ЧП  В-2
254;Агротехмаш ПТП ООО  С-2
265;Агротехэкспорт ООО  С-2
276;Агроцентр К ООО С-2
288;Адамант ООО НВП  С-2
291;СОНДЕРС ТОВ
296;АДОНІС-УКРАЇНА ТОВ С-2
299;АЖИО-ТРЕЙДС ТОВ
333;Айзен техник групп ООО С-1
337;Айнект ТК ООО С-2
338;Клиент 338
349;Клиент 349
370;Клиент 370
374;Клиент 374
395;Аланко груп ТОВ
403;АЛГА ДНЕПР ООО С-2
413;Александрийская Машиностроит-ная группа С1
415;Александрийский з-д под-трансп.обор ОООС-2
421;Клиент 421
423;АЛЕКСЕЕВ С.Ю.   аренда
427;Алекспром ООО
428;АЛЕКС-ПРОММ ТОВ оренда
452;АЛТЕРРА ГРУПП
455;Алькат ТД ООО  С-2
468;Клиент 468
489;Альфа-Металл-Компани ООО А-1
490;Клиент 490
491;АЛЬФА-СТАЛЬ ООО С-2
493;Альфа-СтальЧП С-2
496;Альфатекс ВКП ПП С-2
500;Альянс ЕМК  ООО С-2
506;АЛЬЯНС ООО  А-3
508;АЛЬЯНС ПК ТД ООО С-2
518;Альянс-Маркет ЧП  В2
530;АМБАР ТОВ ТВК
536;А-МЕТИС ООО С-2
558;АНА-ТЕМС ЗАО
559;Анбар ООО С-2
579;Клиент 579
590;АНТЕО ПЛЮС. ТОВ С-2
600;Клиент 600
607;Апком-Трейдинг ООО  С-2
621;АРГО НПП ООО А-2
629;Клиент 629
631;Клиент 631
632;АРК ООО В-2
635;АРК-ГРУПП ТОВ С-2
641;Арлан ООО   С1
648;Армакс Груп  ТОВ
650;АрмаПром ООО(КИЕВ)  В-1
653;Армасплав ООО Доверен.ГОДОВАЯ В-2
657;Клиент 657
658;Арма-Т ООО  В-2
660;Арматура ВКМ ООО  В1
663;Арматурный завод АДМИРАЛ ООО  С-1
676;Клиент 676
677;Арсенал НВО  ТОВ
703;Клиент 703
705;Артмаш ООО  С-1
714;Клиент 714
720;Клиент 720
721;АСКА-Девелопмент  ТОВ
751;АСТРА ТРЕЙДИНГ ООО  С-2 днепр
752;Клиент 752
785;АТП 17461 ЧАО  С-2
818;База стальных труб ООО ГОД Д С2
822;БАЗИС ГК ООО С-2 ГОДД
851;Барион ООО  С-2
917;Бест металл КР ТД ООО С-1
943;Клиент 943
956;Биржа металла Ком-я ООО В-2
965;Клиент 965
981;Богдан МІД  ПП С-2 не раб.
983;БОГИС к-я ЧП МТО С-2
999;Бондаренко А.В. ФОП
1009;Бориславский завод РЕМА ТДВ В-2
1016;БОЧАРОВ МЕТАЛОБАЗА ТОВ
1021;Бравалюр ТОВ ВТП  С-2
1026;Брацлав ТДВ С-2
1028;Клиент 1028
1048;БУД МЕТАЛ ТОВ
1114;Клиент 1114
1116;Буровые машины и комплексы ООО С2
1140;ВАКАРТ ТОВ  С-2
1143;ВАЛ ООО  С-2
1145;ВАЛЕН И К ООО  С-2
1149;Клиент 1149
1153;ВАЛСИМЕТ ООО С-1 ГОД Д
1156;ВАНКОРГРУПП ООО С-2
1160;Вариант агро буд ООО  ЗВОНИТЬ !!! В-2
1161;ВАРИАНТ Фабрика  ООО  А-2 месяц дов
1164;ВАРТИС ООО А-1 НЕ КРЕДИТОВАТЬ
1169;Василишин Т.М. платник  С-2
1209;Вектор-08 ПП ООО  С-1
1211;Вектор-Рух ЧП (АРЕНДА)  С-2
1214;Вектор-Сталь ООО ТПП ГОДОВАЯ ДОВ.  В-2
1224;Велес-Агро   Гдовая ДОВ ЛТД ООО  А-1
1240;Вентиляторний завод Укрвентсистеми  ТОВ
1242;Венус ТК ТОВ С-2 ГОДД
1258;Клиент 1258
1260;Верхнеднепровский машиностроит. з-д В-2
1282;ВЕСТПРОМ ТК ООО новый С-1
1310;ВИКАНТ ФИРМА ООО А-1
1320;ВИКСЕР ДНЕПР. ООО
1329;Виктория-Д ЧП  С-1
1332;Клиент 1332
1351;Винокуров В.В.   С-2
1360;ВСІ ІНЖИНІРИНГ ТОВ  С-2
1365;Виртус ТД ООО  С-2
1370;Висдом + ТОВ
1405;Власенко А.В. С-2
1413;ВОВК ОЛЕКСАНДР МИКОЛАЙОВИЧ платн
1416;Вовк Любовь Сергеевна не платн. С-2
1463;Восла ООО С-2
1466;Клиент 1466
1486;ВОСХОД ООО ПО +100  А-2
1516;Высотпромсервис ЧП С-2
1523;Гаврилюк С.В. не платн  ЧИП  С-2
1549;Галещина-агро ООО НПП В-2
1558;Клиент 1558
1645;ГЕРМЕТ ПНВФ С-2
1651;Клиент 1651
1662;Гефест-трейд фирма ООО С-2
1670;Клиент 1670
1676;Гидросила АТ С2
1679;Гидроспецмонтаж ООО
1680;Гидроспецстрой ЗВ ООО С-2
1691;Гирик Александр Анатол. платник С-2
1698;Глобал Воркінг Трейд ТОВ С-2
1722;ГОЛДИ ГРУП. ТОВ
1733;ГОРА  Александр НиколаевичС-2
1745;Горкоминвест ЧП С-1
1754;ГІРНИЧОТРАНСПОРТНА КОМПАНІЯ
1760;Горпинич А.А. ЧЛ долг 370.10 погашен
1767;ГОСТ КОМПЛЕКТ ООО
1785;Гранмаш ООО
1823;ГРИФ ФОНД.  ТОВ
1843;ГТЗ УКРАИНА ООО С-2
1847;ГУБОВ Р.А. АРЕНДА С-2
1863;Д ЛАЙТ ООО  Угол  С-2
1864;Д.ЭНЕРДЖИ ООО В-2
1876;Клиент 1876
1913;ДГМ груп  С-2
1957;Денасмаш Полтавский мех. з-д ООО С-2
1958;ДЕНАСМАШ.ЮА ТОВ
1960;ДЕНК ТПР ЧП  С-2 ГОДД
1970;Деревянко Д.В. С-2
1975;ДЕССА-НВ ТОВ
1980;ДЕТ-ЮА ООО А-3 без скидок
2009;ДИАСОН ООО  С-2
2016;ДИЗЕЛЬСЕРВИС ЧАО С-1
2033;Динакс НПП ООО  С-2
2047;Клиент 2047
2053;Дискагро ООО С-2
2060;Клиент 2060
2073;Клиент 2073
2075;ДМТ  ТОВ С-2
2083;Днепр МП ООО С-2
2085;Днепр НКП ООО С-2
2086;Клиент 2086
2095;Днепрагроснаб ООО В-2
2100;Днепр-контакт НПП ООО С2
2102;Днепр-контракт фирма ООО  А-2
2106;Днепр-Металл-Групп ООО  С-2
2128;Клиент 2128
2130;Клиент 2130
2133;Днепровский з-д конвеерного об-я ООО С-2
2134;Клиент 2134
2139;ДНІПРОВСЬКИЙ ЗАВОД СПЕЦІАЛЬНИХ ТРУБ ТОВ
2142;ДНІПРОВСЬКИЙ МЕТАЛУРГІЙНИЙ ЗАВОД
2144;Днепровский МЕХанический . з-д ООО С-2
2145;Клиент 2145
2146;Днепровский электро-мех завод ООО В-2
2167;Днепрокомплект ООО НПП  В-2
2170;ДНЕПРОКРАНСЕРВИС  ИНЖ. КОМ-Я ООО С-2
2179;Клиент 2179
2182;Клиент 2182
2183;ДНЕПРОМЕТ ООО В-1
2186;Днепрометаллальянс ООО  С-2
2200;ДНЕПРОМЕТЦЕНТР НВП ТОВ С-2
2201;Днепромеханика ООО С2
2220;Днепропетровская трубная компания ООО В-2
2221;Днепропетровская трубная к-я  ПФООО С-1
2227;Днепропетровский АГРЕГАТНЫЙ завод С-1
2237;Днепропетровский калибров. завод ООО С-2
2240;Днепропетровский литейно-маш.стр.зд ООО С2
2242;Днепропетровский машиностр. зд С2
2261;Днепрополимермаш ПАО С-2
2264;Клиент 2264
2265;Днепропресс ЧАО С2 закрит
2267;Днепропрокат ТОВ С-2
2293;Днепро-Скан-Сервис ООО С-2
2303;Днепроспецсталь ОАО С-2
2346;Днепротрансдизель ВКП ООО С-2
2350;Днепротяжмаш АО  А-1
2378;ДНЕПР-СТАЛЬ ТД. ТОВ
2384;Днепртруботорг ОООО
2396;ДНЛ ГРУП ТД ООО  В-2
2409;Докер  Компания  ООО
2415;Клиент 2415
2425;Клиент 2425
2426;ДОМУС.АРТ ООО  С-1 ГОД Д
2432;ДОНБАССКАЯ ИНДУСТРИАЛЬНАЯ КОМПАНИЯ ООО В-2
2467;ДОНМАШГРУП ТД ООО С-1
2494;УкрСтальМаш ДП ТОВ С-2
2504;Дрогобычский з-д автом-льных кранов ВКФС-2
2548;Дювельсдорф Украина ООО  В-2
2550;Дюна -С ЧП  скидка 100грн\тн В-1
2560;Евразтрейд груп ООО С-2
2564;Евро Спутник ТОВ
2575;Евроинокс ЛТД ООО С-2
2585;Еврометпостач ТОВ МИЛЛИМЕТРЫ!!!!!С-2
2599;Евротрейд МК ООО С-2
2624;Елизаветовский механический завод ООО В-1
2657;ЖИТОМИР-АГРОБУДИНДУСТРИЯ ТОВ С-1
2668;ЗАВОД-МКС
2677;ЗАВОД АГРОПРОМИСЛОВИХ ТЕХНОЛОГІЙ ТОВ С-2
2692;Завод Кобзаренка ООО  А-1
2693;ЗАВОД КОНВЕЄРНИХ СИСТЕМ ТОВ С-2
2694;Завод Кранкомплект ООО С-2
2698;Завод металлических изделий ООО г.Сарны С2
2705;Завод монтажных изделий ООО  С-2
2719;Завод стальных конструкций ЧП С-2
2728;Клиент 2728
2734;Клиент 2734
2736;Завод Энерготехмаш ООО С-2
2739;Загребельный Н.О пл ФОП
2778;Запорожский зерновоз ООО
2812;ЗАХИДХИМЛИС ООО (ОТГРУЗКА) А-2 скидка 100г
2814;Захід Трейд Тернопіль ТОВ
2825;Здельник Марина Андреевна ЧЛ
2829;ЗЕЙКАН ООО С-2
2843;Зидар ООО почта  С-1
2861;Золотоношский маш.завод ПрАТ С-2
2880;Клиент 2880
2894;Клиент 2894
2928;ИМАНА-ТРЕЙД ООО С-2
2939;Импера групп ООО  С-2
2941;ИМПЕРИЯ МЕТ ООО С-2
2950;Инагротранс ООО С-1
2955;ИНВЕНТУМ УКРАИНА ООО
2983;Клиент 2983
2989;ИНДУСТРИАЛ ГРУПП ТОВ
2995;Индустрия ТОВ
3008;ИНМАШ ПКП мон. С-2
3009;Клиент 3009
3024;Институт автоматизирован-х систем ПрАО С-1
3027;Инструмент  ТД  ТОВ С-2
3029;Инструмент ООО  С-2
3030;Инструментальный завод ООО  С2
3032;Интал ООО порез. в цену  С-2
3033;Интал ТД ООО В-2
3036;Интегра-С ООО  А-3 ГОД Д
3042;ИНТЕКС СТИЛ ООО С-2  ГОДД
3048;Интер Авиа Инвест ООО  В-1
3052;Клиент 3052
3067;Интера ИК ООО  С-1
3068;ИНТЕРА Павлоградский машиностр.за-д ООО С2
3082;Интеркарготрак ООО С-2
3085;Интерконструкция ООО  В2
3109;Интерпет ООО  С-2
3119;Интерпроммаш ООО С-2
3134;Клиент 3134
3142;Интехпром НПП ООО  С-2
3159;ИПРИС-ПРОФИЛЬ С-2
3174;ИСТЕЙТ МД ООО  А-2
3178;ИСТ-ПРОМ НПП ООО  С-2
3181;Италинокс Индустри ООО
3213;Калушский завод будівельних машин С-1
3216;Каменский трубный завод ООО С-2
3217;КАМЕРОН ЛТД ООО
3230;Канта ТК ООО С-2
3239;КАПИТАЛ-ТРЕЙД фирмаООО С-2
3264;Карловский машиностроительный завод В-2
3267;Каролина ЧП НПФ  А-1з-д ст.труб ГОД Д
3268;Карпати ОМЗ ООО  А-1
3281;Каскад фирма ООО  А-3
3282;Каскад ЧКПП
3294;Катто груп  ТОВ С-2
3310;КВАНТ  МПОО  С-2
3317;Кватор ТОВ С-2
3339;Керамитек ТОВ
3348;Киверцыметалл ООО  С-1
3358;Киевпрофметалл ООО  В-2
3365;Киевский завод ПТО ООО   С-2
3367;Киевский ремонтно механический за-д ПАО С2
3374;Киевцветмет ООО новый С-2
3390;Кисиль Василий Григорьевич Предприни-ль С2
3432;К.М.К ООО
3510;КОМПАНІЯ ТІТАЛ
3573;Константиновский з-д мех.оборуд-я  ООО С2
3575;ДНІПРО МЕТАЛ СЕРВІС ТОРГОВИЙ ДІМ
3588;Контакт-Групп ТК ООО  С-2
3590;Клиент 3590
3597;Континент-сталь ООО
3607;КОНЦЕРН ЄВРОМЕТАЛ. ТОВ документы почтой
3638;Клиент 3638
3639;КОРУМ Світло шахтаря С-2
3655;Котломонтаж Запорожье ООО С-2
3658;Клиент 3658
3663;Кохан И.Н платн ФОП С-2
3667;Кочерга Д.С. не плат.  С-2
3683;Краматорский з-д тяж. станкостр-я ЧАО С1
3689;Крамтехцентр ООО НПП В2
3695;Кран-технология  ООО С2
3696;КРАНТЕХСЕРВІС  ВКП ТОВ С-2
3698;Крапт. ТОВ
3703;Красненко А Д ФОП
3707;Красноармейский з-д пром. оборуд. В-1
3715;Червоний  металіст ООО НПО  С-2
3717;Краснянское СП ТОВ Агромаш А-1
3718;КРАФТ ООО А-1ГОД Д
3746;Кривицький Андрей Михайлович ФОП
3755;Клиент 3755
3778;КРМЗ ООО С-1
3779;КР-Оил ТОВ С-2
3798;КРУГОСВЕТ-ТРЕЙД ООО
3816;Крюковский вагоностроительный з-д ПАО В-1
3826;КТ Сталь С-1  до 1т труба +1500
3830;КТ-ЮКРЕЙН  ТОВ +1500гр до 1т
3842;КУ-МИР ООО С-2
3865;Кучин  А Б не пл  С-2 не перегружать
3873;Кьюпарт ООО
3878;Клиент 3878
3891;Лаз-Мет ТОВ
3917;ЛЕАРТ ООО С-1
3922;Лебединский-маш завод ТЕМП С-2
3940;Легион Трейд ООО В-1 ГОД Д
3947;Леда Стил ТОВ С-2
3955;ЛЕКСІНВЕСТ
3958;Клиент 3958
3960;Леман инвест ООО С-2
3979;Либра НВО ООО С-2 Годовая
3992;Клиент 3992
3997;ЛИДЕР ПРОМ ГРУППА ООО мест  В-2
3998;ЛИДЕР ПРОМСНАБ ООО С 2 ГОД Д
4003;Лизава  ООО  С-1
4041;Литера ЧП  С-2
4042;Литмашкомплект НПП С-2
4053;Ловекс-К ЧП С-2
4057;Логистик груп корпорация ООО С-2
4066;Лозовской кузнечно-механический завод
4068;Локомотив трейдинг ООО
4077;ЛОРТО. ТОВ ГОДД
4085;ЛУБНИМАШ ЧП(бывшийКОМСОМОЛЕЦ ЗАВОД ЧП) В-2
4120;ЛЫБИДЬ МЧП С-2
4196;Магнитне збагачення (МАКС и К)  С-1
4198;Клиент 4198
4199;Клиент 4199
4202;Максима Металл Сервис ООО А-1 ГОД Д
4219;Малин Метал ООО  С-2
4224;Малык Е.М. не платн. С-2
4232;МАНОМЕТР УКРАЇНА ВКФ ТОВ С-2
4255;Марко Поло ООО  Группа С-2
4260;МАРМЕТ ЧП С2
4264;Клиент 4264
4268;Марченко Денис Вл не пл С-2
4294;Клиент 4294
4302;Машагросервис ООО  С-1
4304;Машгидропривод ООО  С-1
4329;М-ГИДРАВЛИКА  ООО  С-2
4330;МГК-Черкассы ТОВ С-2
4344;Мегаметалл компани ООО В-2 ГОД Д
4346;Меганокс ООО С-1
4400;Клиент 4400
4421;Мета ООО НПО С-2
4432;МЕТАЛ САМАРА ТОВ
4436;Металбуд  ТБК  ТОВ  С-2
4453;МЕТАЛКОН ПЛЮС ТОВ
4462;Металл импорт ООО В-2
4464;Клиент 4464
4468;Клиент 4468
4471;Металл Корт ООО  С-1
4474;Клиент 4474
4478;МЕТАЛЛ ПАРТНЕР ООО НПП С-2
4500;Металл Холдинг Трейд  Льв А1 ТТН
4501;МЕТАЛЛ ХОЛДИНГ Трейд ООО КИЕВ дов.Год   А1
4507;Металл-Альянс ЧП
4509;Металл-Вектор ООО С-1
4510;Металлворк ТОВ С-2
4520;Металл-Импекс ООО С1
4523;Металлинвест СП ООО С-2
4558;Металлмаш ТОВ С-2
4564;Металлобаза №1-СОРГО ЧП  В-2
4574;Металлокс ООО  С-2
4575;МЕТАЛЛОЛЮКС ООО С-2
4584;Клиент 4584
4594;Клиент 4594
4615;Металл-Сервис Украина ЧП С-2
4637;Клиент 4637
4638;Клиент 4638
4644;МЕТАЛЛТРЕЙД ООО  С-2
4651;МЕТАЛЛУРГ ООО НПК В-2
4658;Металлург Украина ООО   Годовая ДОВ В1
4666;Металл-Центр ЧП С-2
4685;Металпромсервис ООО
4687;Клиент 4687
4694;Метас -Трейд ООО А-2
4734;Метконстрой ООО  С-1
4742;Метпоставка ООО С-2
4745;Метпромсталь ООО
4747;МЕТПРОФИ ООО  В-2
4759;Метстальцентр ООО С-2
4770;МЕТХОЛДИНГ ООО  С-2
4775;Метэнергосервис ООО В2 ГОД Д
4783;Механично-литейний з-д ООО  С-2
4784;Механично-ремонтний завод ООО  С-2
4785;Механосборочный универсальный завод ООО С1
4787;Мехеда А.И. ФОП  платник НДС  С-2
4789;Мехпласт ООО С-2
4820;Микс трейдинг ОПАСНО  ООО С-2
4837;Минералы Украины ООО ПО  В-1
4839;Клиент 4839
4840;Клиент 4840
4847;МИР ВОРОТ ООО С-2
4849;Клиент 4849
4859;Мирайт груп ООО почта С-2
4879;Михайлова Людмила Андріївна ПРИВАТНА ОСОБА
4911;Модерн-Экспо СП ООО С-2
4913;Клиент 4913
4924;Мокавто ООО С-2
4943;Монолитсервис ООО  С-2 з документами водію
4948;Монтажно-строительная компания ТОВ
4957;Морской строительный комплекс ООО С-2
4968;МПК УКРАЇНА Т Д ТОВ С-2
4976;МСК-украина ООО В1
4981;М-ТЕК Технолоджи ТОВ
4990;Мукачевский машиностроит. завод  В-2
5000;Мухин Иван Евгениевич С2
5032;НАК ТзОВ ТПК С-2
5037;Насосэнергомаш Сумской завод С-2
5052;Наша сталь ООО С-2
5055;НВ фирма ЧП скидка 200грн А-1
5067;Клиент 5067
5073;Нежин Механизация С-2
5079;НЕКСЕН ІНВЕСТ  ТОВ С-2
5105;НЖ-Трейд ТОВ
5112;НИВА ООО С2
5122;НИКА ТПК ООО С-2 ГОД Д
5123;Клиент 5123
5124;Клиент 5124
5129;Николаевсельпроэкт ООО
5135;Николаевстройресурси ООО В-1 ГОД Д
5140;Клиент 5140
5153;Никопольское ООО   В-2 ГОД Д
5154;НИКОПРОГРЕССТРОЙ ООО  С-1 ГОД Д
5161;НИТАЛ ТД ООО В2
5164;НК-ПРОМ ООО С-2 ГОД Д
5184;Новоалександровский кирпичный завод ЧАО
5189;Новоград-волинский завод сельхозмашин С-2  ЗАКРЫТ
5190;НОВОДРУЖЕСЬКИЙ МЕХАНІЧНИЙ ЗАВОД
5192;Новокраматорский маш. завод А-1
5232;НОВЫЕ  Технологии ООО С-2 не перегружать
5234;НОВЫЕ ВОРОТА УКРАИНА ТОВ
5267;Оазис ООО   В-2 черній список
5280;Объединенная металлургическая компа-я А-1
5299;Одесская аграрно-пром к-я ООО С-2
5328;Оле-Про Україна ТОВ С-2
5334;Олийний дом ТОВ С-2
5342;Клиент 5342
5347;ОЛТЕХ ООО С2
5349;ОЛЬВИЯ Строит.компания В-1 ГОДД
5380;ОПТАГРО ТД ООО С2
5405;Ореховсельмаш ООО А-2
5420;Орион-2000 ЧП  С-1
5438;ОСК-Технолоджи ООО С-2
5441;ОСНОВА ООО С-2
5448;Основа-ЮГ ООО С2
5474;Отис тарда ООО С-2
5475;ОТМ НВЗ ООО С-2
5476;ОТТИМО ЧП
5499;Павлоградський Експер-й Рем.Мех З-д ТОВ С2
5504;Павлоградхиммонтаж ООО С-2
5517;Паландин-Агро ЧП А-2
5542;Панченко И.Н.  платник В2
5554;Паритет ТД ООО В2 ГОД Д
5558;Парк Плюс ООО В-2
5576;Пащенко С.Я. АРЕНДА С2
5578;ПВ ГРУПП УКРАИНА ООО С-1
5589;Первая Черниговская Торговая компания А-1
5633;ПИЛОН СТРОЙ ООО С-2 минус 30 кг
5637;Пионтковский Павел Александрович С-2
5645;ПІФАГОР ВИРОБНИЧО-КОМЕРЦІЙНА ФІРМА
5669;ПЛАТІНУМ ЕЛЕКТРИК
5673;Плинфа Харьковский маш. з-д  В-2
5678;Клиент 5678
5699;Подкуйко А.В. не пл С2
5700;ПОДШИПНИК ДНЕПР ТД ООО С-2
5708;Клиент 5708
5711;ПОЖМАШИНА ПК ООО А-1
5741;Клиент 5741
5748;ПОЛИПРОМСИНТЕЗ ООО
5753;Политехномет ООО С-2
5816;Прайд Билд ТОВ С-2
5825;Предприятие токоподвода и электроприводаС1
5826;Клиент 5826
5827;ПРЕМІУМСТАЛЬ ООО
5831;Прес ООО НПЦ С-2
5843;Прецизионтруб-юг ООО С-2
5855;Клиент 5855
5882;Прогресс  ПАО БМЗ А-3
5893;Продмаркетпром ТОВ  В-1
5903;Продэкология ПМП НВФ С-2
5906;ПРОК ТОВ НПП С-2 ГОД Д
5926;ПРОМАГРОМЕТ ТОВ
5944;Промгидропривод ООО С-2
5945;ПРОМГРУП ЛВК  С-1
5955;Прометей || ООО
5975;ПРОМ-ИНЖИНИРИНГ ООО В-1
5979;ПРОМИНЬ ООО ИСГМашбудув.  долг В-2
5986;Промислові технології і системи НВФ ТОВ С-
5990;ПРОМКОМПЛЕКТ ВП ООО С-2
6000;Пром-лидер з-д ООО С-2
6001;Промлит завод ООО Черный список. Дирекция
6006;Клиент 6006
6007;ПРОММАШ ТПК ООО С-1
6011;ПРОММЕТ ГРУППА КОМПАНИЙ ООО С-2
6034;Промсантехника-1 ТД С-2
6038;Пром-Сервис НПП ЧП С1 ГОД Д
6088;Промтехзапчасть ООО С-2
6090;Промтехинжиниринг ООО
6093;ПРОМТЕХКОНСТРУКЦІЯ НВП МП
6113;Промтехсервис ЧЭПКП С-2
6145;Клиент 6145
6157;Промэнергетика НПП ООО С-2
6177;Клиент 6177
6183;Профистил ООО С-2
6189;Профитсталь ТОВ А-1
6198;Профстальресурс ТОВ С-2
6208;ПТГ ООО В-2
6211;Пульсар Констракшн ООО С-1
6245;Райдер Артур Юрьевич С-2
6260;Раппорт метал ООО С-2
6267;РВД-СЕРВІС  ТОВ
6269;Клиент 6269
6288;Клиент 6288
6298;Резинопласт ООО
6303;РЕЙЛ ДЕВЕЛОПМЕНТ ТОВ С-2
6310;Клиент 6310
6312;Клиент 6312
6316;РЕММІЛ БУДІВЕЛЬНА КОМПАНІЯ
6321;РЕМОНТ
6324;Ремонтно-механич. завод ЧАО НЕДОГРУЗ. С2
6328;Ремсинтез ООО В-2
6349;Клиент 6349
6352;Ресурсгрупп ФПК ООО
6353;Клиент 6353
6356;Ресурспромсталь ООО довер.ГОД Д С-2
6364;Ривелта ТОВ С-2
6369;РИН ЛТД ООО  УГРОЖАЕТ ВСЕМ
6371;Ристейл груп ООО С-2 ГОД Д
6375;РИЧ ООО НПП С-2
6383;РОВНОМЕТАЛЛКОМ ЧП А-2
6388;Клиент 6388
6389;РОДЕНЬ ПП
6391;РОЖКО Ю.Г.     аренда
6417;Ронгфа инвест сталь ООО (РИС) С-1
6418;Роника ООО ГОДОВАЯ ДОВ С-2
6443;РОТОРМАШ ООО НПФ С-1
6445;РОЯЛ МЕТАЛЛ ООО  можно перегруз В-2
6449;РРП-УКРАИНА ООО   С-2
6455;РТК СТИЛ  ООО А-1 ГОД Д
6459;РТС-СТАЛЬ
6468;РУД ЭКЗОСТ СИСТЕМ ООО С-2
6469;Руд экзост систем ТД ООО С-2
6470;Клиент 6470
6480;Руминський Олександр Юрійович ФОП
6496;РыхальскийЗСМ ООО ДОЛГ!!!!! С-2
6504;С.С.Скафолдінг  ТОВ
6510;СавВАТС ООО С-2
6535;Саламаха Руслан Николаевич ЧЛ С-2
6547;Самая полезная металлобаза ООО С-2
6571;САНТЕКС ОООТП С-2
6578;Сантехсен плюс ДП С-2
6583;САНТРЕЙД  2021 ООО ГОД Д С-2
6602;САТОРИЯ ООО С-2 почта
6628;Светловодский завод метал. кон. ООО С-2
6639;Клиент 6639
6644;СВОЙСТРОЙ. ТОВ С-2
6654;Клиент 6654
6667;Сектименко О.Н ФОП пл
6668;Селанит ООО С-2 ГОД
6673;Сельпроект ДП  С-2
6689;СЕРБИН М.С ФОП С-2
6703;СЕРВИСТЕХКОМПЛЕКТ ЛТД   ТОВ С-2 ГОД  Д
6727;СЗХНО Научн.произ.обьед.ООО ТР. НЕ РЕЗ В-1
6736;СИГМА МЕТАЛ  ТОВ
6786;Синяев А.П. С-2
6793;СИСПРО ООО довер.ГОДОВАЯ С-2
6806;Сити Индастри ООО
6807;Сити энерджи ООО
6817;Клиент 6817
6820;Сканмикс-Украина ООО С-2
6828;Клиент 6828
6830;Клиент 6830
6842;СЛАВГОРОДСЬКИЙ АРМАТУРНИЙ ЗАВОД
6845;СЛАВСАНТ ООО С-2
6846;СЛАВСАНТ ТД ТОВ
6851;Славутский рем-мех завод ООО  С-2
6878;Смилянский машиностроительный з-д ПрАТ
6884;Смолі груп ТОВ
6911;Содружество ООО ТД С-2
6929;Соловей С.П. не пл
6943;СОЛТЕК САМАРСЬКИЙ МЕХАНІЧНИЙ ЗАВОД
6951;Сорбит-Металл ООО С1
6958;Сота Украина ООО С-2
6972;Союз Металл ТД ООО С-2
6989;Союзметалмаркет ООО С-2
7002;Клиент 7002
7004;СОЮЗЭНЕРГОМАШ НПО ООО А- 3*******
7015;Спектр металл ТД ООО С-2 ГОДНЕ ПЕРЕГРУЖАТЬ
7045;СПЕЦ-КОМ-СЕРВИС ООО С-2
7050;Спецлесмаш  ООО С-2
7087;Спецрембуд ЧП С-2
7089;Клиент 7089
7095;Спецсталь Днепр ООО
7097;Спецстальинвест ООО С-1
7106;Спецтеплоенергомонтаж  ТОВ
7107;СПЕЦТЕРМОМОНТАЖ-ЭНЕРГО ООО С-2
7128;СПЛАВПОСТАЧ ТОВ В-2  ГОДД
7130;Спорттехника компания ООО А-1
7131;Спрут-Украина НПЦ ООО С-2
7135;СПУТНИК ТВК ТОВ С-2
7138;Ставрат Вадим Олександрович  физ лицо
7140;Сталевар компания ООО А3
7161;Сталь 3. ТОВ
7164;Сталь Днепроинвест ТОВ С-2 ГОД Д
7168;Сталь комплект ООО С-2
7176;СТаль ПЛЮС ЧП В1
7185;СТАЛЬ ТРЕЙД ТД ООО С-1
7190;Сталь-А ТД ООО С-2
7191;СТАЛЬБУД-УКРАЇНА  ТОВ днепр С-2
7219;СТАЛЬМИРА В ООО С-1 ГОД Д
7227;Стальное решение ООО С-2
7237;Стальные решения ООО С-2
7257;Стальсервис НПП ООО В-2
7268;Клиент 7268
7270;Клиент 7270
7277;СТАЛЬ-ЭКС ПЛЮС ООО С1 Месяц дов
7282;Клиент 7282
7283;Стандарт  ТД ООО В1
7299;Стар Митал Юг ТОВ
7317;СТВ ЧП  А-3
7320;СТЕЙ ООО С1 ГОД Д
7326;Клиент 7326
7337;СТИЛ ГРУПП ООО В-1 ГОД Д
7338;Стил инвест юкрейн ТОВ С-2
7347;СТИЛАРТ ООО С-2
7357;СТИЛКРАФТ ООО С-1
7358;Стиллар КОМПАНИЯ  ТОВ С-1
7364;СТИЛЛКРАФТ ООО Николаев С-2 ГОДД
7366;Стилм ООО С-2
7373;Клиент 7373
7380;Стилс Украина ООО С-2
7396;СТКМ  ТОВ
7400;СТОМ НПФ ООО С-2
7402;Сторожук ООО
7403;СТОРУМ ООО довг.годовая
7404;Сторхауз Украина ООО С1
7417;Строительная компания  ООО В-2
7431;Стройагромаш МК ООО С-2
7456;БУДМАТЕРІАЛИ ТОВ
7473;Будсервис ПКФ ООО С-2
7480;БУДТРАНСПОСТАЧ. ВКФ. ТОВ
7513;Сумская насосная техника ООО С-2
7517;Сумской машиностроительный завод ООО С2
7538;Сущенко И.Е.С-2  не пл
7539;СФЕРА СПБ ООО
7559;Клиент 7559
7568;Тайфу-Метеор   ООО  В1
7571;Такмет-групп С-1
7573;Клиент 7573
7593;Клиент 7593
7594;Тантра ООО С-2
7610;Таста-Лиски Трубодеталь ООО С-2
7613;Татра Юг ООО С-1
7621;ТВиД  ООО Агенство С2
7642;ТЕЛУР ІВК. ТОВ
7652;Клиент 7652
7658;Теплобак НВП ТОВ
7672;Клиент 7672
7680;Тера-Д ООО  /кускиииии трубы/С-2
7704;Термокомплекс ТОВ С-2
7720;Теско ЧП  С-2
7730;Клиент 7730
7742;Техинпром фирма ООО С-2
7753;Техма-М ООО С-2
7756;ТЕХМАШ ВИРОБНИЧЕ ПІДПРИЄМСТВО
7758;Клиент 7758
7762;Клиент 7762
7770;Технефтегазсервис ООО С-2
7790;ТЕХНОЗБАГАЧЕННЯ ТПО С-1
7797;Клиент 7797
7798;Клиент 7798
7830;ТЕХНОПОЛЬ ВК ПП   А1
7851;ТЕХНОТАЙМ ТОВ С-2
7864;ТЕХНОЭКС ООО НПП  В-2
7882;Техпромсервис ООО ЛТД С1
7884;ТЕХ-РІШЕННЯ ООО
7887;Техсервис ТОВ НВП С-2 (почта нет)
7889;ТЕХСЕРВИС. щорск С-2
7903;Техэнергоцентр ООО С-1
7911;ТИМ СТАЛЬ ООО  С-2
7914;Тиммет ПКФ ООО С-2 ГОД Д (НЕ РАБОТАЮТ)
7917;Тимофеев Евгений Валериевич ЧЛ С-2
7922;ТИМОШЕНКО С. И. платник  С-2
7925;ТИСЕР ООО С-1
7939;Клиент 7939
7948;ТМА ФІРМА. ТОВ
7949;Клиент 7949
7951;ТМК-Днепр ООО не перегружать!!!!! В2
7971;ТОМЧУК А.М. ПЛ. + кор-ка обяз В-1
7980;ТОПТУЛ ООО мон. В-2
8048;Тотмаш групп ООО  С-2
8059;Тракторзапчасть Роменск з-д С-2
8097;Клиент 8097
8105;Трансуголь ПП ООО С-1
8125;ТРЕК-ДНЕПР ООО(аренда) С-2
8166;Трубоизолкомплект  ТД ООО А-1
8179;Трубосталь НПО ООО А-2 Счет с печаью
8187;Клиент 8187
8188;ТРУБОТОРГ ІНВЕСТ
8206;Турбивмашбуд ООО С-2
8220;Углепром ООО ПТК всегда внебольш.ПЛЮСЕ В-1
8232;Клиент 8232
8260;Украинская аграрная техника ЧП  длину В-1
8270;Клиент 8270
8285;Украинский стальной холдинг ГодоВ ДОВ С-2
8286;Украинский трубный завод  ООО В-2
8288;Клиент 8288
8300;УКРБРОНЗА ТОВ С-2
8305;Укрбудмаш завод ООО С-2
8306;Укрбудмет ПТК ООО С-2
8318;Укргазкомплект -2010 ТОВ С-2
8338;УКР-ЗАПЧАСТЬ ТОВ
8339;Укризолит ТОВ  НВП С-2
8342;УКРИНМАШ НПП ООО С-2
8349;Клиент 8349
8378;УКРМЕТ-ПРОКАТ  ООО В-2
8389;УКРМЕТТРЕЙД ООО   В2
8391;Укрминерал инвест ООО В2 ГОД Д
8393;Укрнасоссервис  Торговый дом В-2
8396;УКРНЕФТЕМАШ ЕРС ООО С-2
8422;Укрпромсервис ООО НПО С-2 Синергия
8448;УКРРЕМПРОМ
8488;УКРсплав Тищенко ООО В-1
8489;Укрсплав Торговый Дом ООО С-2
8490;УКРСТАЛЬ ДНІПРО ЗАВОД МЕТАЛОКОНСТРУКЦІЙ
8503;Клиент 8503
8512;Укрстарлайн ООО С-2 ГОД Д
8513;УКРСТИЛ ЧП С-1 ГОД Д
8516;Укрстилсервис ТД ООО С-2
8526;Укрстройстандарт ООО С-1
8554;Укрторгобладнання ЧП ПК
8588;Укрэнергоремонт ЧАО С2
8591;Укрэнергочермет завод ООО С-2
8605;УМТК ТОВ С-2
8623;Клиент 8623
8626;УНИВЕРСАЛЬНЫЕ ИНЖЕНЕРНЫЕ РЕШЕНИЯ. ТОВ
8629;Уникаметапласт ООО С-2
8630;Клиент 8630
8652;Клиент 8652
8663;Устимовский котельномеханический завод ООО
8670;Фаворит АК  ООО А-1 месяц
8682;Клиент 8682
8696;Фармко ком-я ООО С2
8702;Фаундри ТОВ
8703;Фащук Ю. не пл
8731;Клиент 8731
8738;ФЕРРО МАКС ПРОТЕКТ киевск.филия
8776;Клиент 8776
8809;Формат металл ООО В-2
8814;Форпост-М ООО С-1
8817;Форсаж-1 ПВКФ С-1
8823;Форт стил ООО  А-1
8835;Клиент 8835
8837;ФРЕГАТ ЗАВОД ПАТ (Влад. Вас)  А-2
8839;Фрегат ООО Новом. фирма С-2
8845;ФРИ ЄНЕРДЖИ ЛАЙФ ООО
8846;ФРОГ ТОВ
8859;Хавестер ООО С2
8864;ХАРВЕРСТ Харьковский станостроительн з-дС2
8866;Харвест ПГ ТОВ С-2
8874;Хартехпром-97 ЧФ С1
8889;ХАРЬКОВПРОДМАШ ПАТ С-2
8891;Харьковская Л.Н. С-2
8895;Харьковский завод электрических машинОООС2
8898;Харьковский з-д транспортн. устаткув. С-1
8900;Харьковский котельно-мех-ский завод ФУ В-2
8901;Харьковский подшипниковый завод ПАО
8902;Харьковский тракторный з-д ПАТ С-2
8907;Харьковтранс  НВК  ТОВ
8920;Химмаш  Коростенский з-д химич. машин В1
8940;ХЛАДАР-ТЕХСОЮЗ ООО С-2
8947;Холодногорская ИК №18 В-2
8948;ХОРНЕТ-ПЛЮС
8950;Хорольский механический завод В-1
8960;ХС Групп ЧП А-1
8965;Клиент 8965
9002;Цинор груп ООО С-2
9008;ЦКС ООО В-2
9046;Черкассыэлеватормаш ТОВ
9047;Черкассыэлеваторторг ООО А2
9070;ЧИП ЧП  С-1
9076;Чорная А.С. ЧП С-2
9103;Шато ЧП Годовая ДОВ. С1
9128;Шенцевалов Д.С. не пл С-2
9134;Шилин В.В. С2
9145;Шовкопляс А В С-2
9159;Клиент 9159
9171;Клиент 9171
9175;Эволюционер ООО С-2
9192;Эквипмаш ООО С-2
9195;Клиент 9195
9208;Клиент 9208
9215;Экоресурс ТК ТОВ С2
9260;Эксферум ООО С-1
9261;ЭЛАСТОТЕК ТОВ С-2
9264;Элеваторные системы НВП ООО С-2 НЕ РАБОТАЮТ
9265;Элеваторные системы ООО С-2  Кусочники!!!!
9266;Элеваторные технологии будущего ООО С-2
9267;Элеваторпромсервис ООО  А-3
9289;Электропромремонт ВКФ ООО
9320;Элит-сервис 2016 ООО С-2
9330;Эльворти ПАТ В-2
9342;Энел Украина ООО  С-2
9364;Клиент 9364
9373;ЕНЕРГОІНВЕСТ ТОРГІВЕЛЬНИЙ ДІМ  дог по довер
9380;Энергомаштрубсервис ООО  А-3
9382;Энергомехкомплект ООО С-2
9399;Энерго-С ООО С-2
9415;Энерготех ООО С-2
9436;Эрго груп  ТОВ С-2
9448;Эста ЛТД  ООО В-2
9450;Клиент 9450
9490;Югсталь ООО С-1
9559;Клиент 9559
9583;ЮС 1+1 не платник  С-2
9591;Клиент 9591
9603;Клиент 9603
9611;Якименко В.П С-2
9621;Ярмак Владимир Иванович платн А-3 РЕДУЦ НЕ
9628;Сталь контакт ТК ТОВ  ГОДД
9631;ПІДЙОМСПЕЦТЕХНІКА ТОВ С-2
9632;Клиент 9632
9641;Клиент 9641
9650;ТЕЛОС ГРУП ТОВ
9651;СБМ-ІНЖИНІРИНГ НВП  ТОВ С-2
9653;Південтрансбудкомплект ТОВ
9656;СТИЛМАШ. ТОВ
9657;СЯЙВО ПРАТ
9662;КОРПОРАЦІЯ МЕТАЛ ТОВ
9670;РУБІН ЛТД
9671;Клиент 9671
9687;АККОРД НВП. ТОВ
9696;ПОЛІМЕТГРУП. ТД ТОВ
9702;Клиент 9702
9707;ПРАЙМ ПОЛІМЕР
9708;АРИАНТ ЛТД. ТОВ
9721;Клиент 9721
9722;ПІЛОТ. ТОВ
9723;КОМПАНІЯ ТМА
9724;ТЕХУНIВЕРСАЛ ТОВ ВП
9728;Гаркуша Олексій Михайлович
9729;Степанчук Олег Миколайович
9737;УКРНАСОСПРОМ ТОВ
9742;ЛТАВА ЗАВОД ПРАТ
9750;Велес  1991 ТОВ
9751;Клиент 9751
9754;Клиент 9754
9758;Завадський Вячеслав Станіславович
9761;ТIЛС ВКЦ ТОВ
9769;НВП МОДУЛЬ. ТОВ
9772;ЄВРАЗТРЕЙД ГРУП ЛТД. ТОВ
9786;Буд Стандарт 2016
9787;Гойденко Сергій Вікторович
9788;Вентиляційні системи ПрАТ не работают
9793;РОНА ТОВ. ТД
9796;ТЕХНОЛОДЖІС ВСФ ТОВ
9798;УСМ ДНІПРО
9812;КРИЛОВ СЕРГІЙ ОЛЕКСІЙОВИЧ ФОП
9814;Клиент 9814
9820;Клиент 9820
9823;Клиент 9823
9826;МЕТАЛБУД УКРАЇНА. ТОВ
9828;Эгритек ТД
9830;Клиент 9830
9831;Сулицкий Александр Сергеевич
9835;АМЕТПРОМ ВКП ТОВ
9836;Клиент 9836
9838;СИСТЕМА ГРУП НВФ
9839;СТАЛЕКС К ТОВ
9843;ВАРТО ВКП. ТОВ
9845;ІГЛС-СЕРВIС ВКП ТОВ
9847;Кононченко Валерій Вікторович
9852;Клиент 9852
9854;СУПУТНИК НВП. ТОВ
9857;ТЕХМЕТКОМПЛЕКТ ТОВ
9859;Клиент 9859
9863;ЄВРО-МАШ ТОВ
9864;РОВА ТРЕЙД ГРУП ТОВ
9866;УП ЕКСПОРТ. ТОВ
9867;СХІДПЛАСТ ТОВ
9869;ТЕПЛОАРМАТУРА ТОВ
9870;Клиент 9870
9879;Інтерагро ТОВ
9883;Клиент 9883
9887;Клиент 9887
9888;АЛЬТЕП.КОМ ТОВ
9889;ОСНАСТКА ПЛЮС ТОВ
9890;БЕСТТРЕЙДЗ ТОВ
9892;Профметал Трейд ТОВ
9896;РЕШОТКА С.П. ФОП
9899;Клиент 9899
9900;РУДIТ ВП. ТОВ
9903;АГРОМЕТАЛ-ХОЛД ТОВ
9908;ТМС - ТРЕЙДІНГ ТОВ
9910;МИАН ТОВ
9912;СТАНIШЕВСЬКА К.Ю. не пл
9914;СТАТУС ПАЙП ТОВ
9917;ПРОМТЕХНІКА ВО ТОВ
9919;Клиент 9919
9921;АЛЬФАМЕТТРЕЙД ПЛЮС. ТОВ
9926;ГЕРМЕС НТД ТОВ
9927;Клиент 9927
9929;Клиент 9929
9936;ФОРСТОР IНДАСТРI ТОВ
9937;Клиент 9937
9941;СОФІЇВКА - МОНТАЖ ТОВ
9942;СПЕЦТРЕЙД ЛТД ТОВ
9943;ЗЕНІТ ПП
9944;Сирант ОВ ФОП
9946;УКР-ЕЛІТ ПЛЮС
9948;ЛЕОН ВК ТД ТОВ
9951;Клиент 9951
9953;ХВЕСЮК В.О. ФОП
9962;ДАРФІН ТОВ
9968;РЕНЕСАНС-ТЕХ ТОВ
9972;Клиент 9972
9973;ІНТЕРЕНЕРГО ІНЖИНІРИНГ ТОВ
9975;ВАРІАНТ ВЕСТ ТОВ
9976;МЕТЕД КОМПАНI ТОВ
9979;МЕТАЛ-ЛАЙН ЛТД ТОВ
9981;Клиент 9981
9985;МЕТТРЕЙД УКРАЇНА ТВК  ТОВ
9987;ЛЕАРТ ТД ТОВ
9990;ЮНІКРОФТ ТОВ
9991;Клиент 9991
9993;Клиент 9993
9994;КОВІНТЕК ТОВ
9996;Спека В.А.
9998;КОРСА ТРЕЙД УКРАЇНА ТОВ
9999;УКРВІНМЕТ ТОВ
10001;Днепровский завод металлоизделий ТОВ
10003;СПЕЦБУДМАШ ТОВ
10004;СТАЛЬ ГРУП СПЕКТР ТОВ
10009;ФЕРКОМ УКРАЇНА ТОВ
10012;ТРУБОІЗОЛ
10015;Клиент 10015
10017;ЛЕДА ВЕСТ ТОВ
10019;Клиент 10019
10020;КІРІЧЕНКО СЕРГІЙ ВАЛЕРІЙОВИЧ
10021;Клиент 10021
10022;Клиент 10022
10023;Клиент 10023
10024;АВАНГАРД-КОМПАНІ. ТОВ
10027;Клиент 10027
10029;ВОСХОД  ВО ПрАТ
10030;Экипаж Холдинг ООО  (правильный)
10031;Клиент 10031
10033;Клиент 10033
10034;АЗІМУТ ВП ТОВ
10036;Клиент 10036
10038;Клиент 10038
10039;УКРАИНСКАЯ СТАЛЕПРОМ КОМ-Я СП ООО
10040;Клиент 10040
10041;Клиент 10041
10042;НОВИЙ СТАНДАРТ ВК ТОВ
10043;Клиент 10043
10046;Клиент 10046
10048;Клиент 10048
10050;Клиент 10050
10051;Клиент 10051
10052;Клиент 10052
10053;Клиент 10053
10054;ЕЛМАКС ГРУП  ТОВ
10055;Укрнафтозапчастина . ТОВ
10057;АЛЄКСЄЄВ ОЛЕКСІЙ ВІКТОРОВИЧ
10058;ЕВРОТРЕЙД ТД ТОВ
10059;Клиент 10059
10061;КАРСУС ТОВ
10062;Клиент 10062
10063;АТОН ПНВП
10064;Клиент 10064
10065;Клиент 10065
10067;РІСТЕЙЛ ТОВ
10068;Клиент 10068
10070;Клиент 10070
10072;УКРТРЕЙДКАМПАНІ  ТОВ
10073;АВ-ПРОМ ТОВ
10074;ДНІПРОПРОЕКТБУД. ТОВ
10077;Клиент 10077
10078;БІЛОЦЕРКІВМАЗ ПП
10079;Клиент 10079
10081;Клиент 10081
10082;СТАНУМ ВП ТОВ
10083;Клиент 10083
10085;Клиент 10085
10086;ТС МЕТАЛ ТОВ
10087;МВ  СТАЛЬ ТД. ТОВ
10088;УКР-МЕТАЛ КОМПАНІ. ТОВ
10090;Клиент 10090
10091;Клиент 10091
10092;ДНІПРО-СПЕЦЕМАЛЬ. ТОВ
10094;Клиент 10094
10095;ТАНЛЕКС ТОВ
10097;ОНУР СТІЛ ІНТЕРНЕШНЛ  ТОВ
10098;Клиент 10098
10099;Клиент 10099
10102;Клиент 10102
10103;Днепржелдорснаб ТОВ
10105;ГС МЕТАЛ ТОВ
10107;Клиент 10107
10108;Миллада ЛТД ТОВ
10110;Клиент 10110
10111;АЛЬЯНС МЕТАЛ СМЦ ТОВ - порезка ЛИДЕР КПК?????
10114;Клиент 10114
10115;КСС Селянське (Фермерське )Господарство
10116;РЕМОНТНО-МЕХАНІЧНА ДІЛЬНИЦЯ ТОВ
10117;ДТМ-ІНЖИНІРИНГ ТОВ
10119;Клиент 10119
10120;Клиент 10120
10121;АЛЮМАБУД
10122;Клиент 10122
10123;Клиент 10123
10126;Клиент 10126
10127;Клиент 10127
10129;Клиент 10129
10130;Клиент 10130
10131;Клиент 10131
10133;Клиент 10133
10134;Клиент 10134
10135;Клиент 10135
10136;СЕРВІСНИЙ МЕТАЛОЦЕНТР ТОВ
10137;Клиент 10137
10138;ЛЄАН ТОВ
10139;Клиент 10139
10140;Ремсільмаш  ПП
10142;СТАЛЕНІТ  УКРАЇНСЬКА КОМПАНІЯ
10144;Є Прокат
10146;Клиент 10146
10148;Клиент 10148
10150;Ступаков Артем Сергеевич
10151;Клиент 10151
10152;ЛМЗ ДНІПРО. ТОВ
10154;ИНТЕРСТИЛ ТД ТОВ
10155;Клиент 10155
10156;Клиент 10156
10157;ЕЛІТ-СЕРВІС 2019  ТОВ
10158;ДІВАЙН ТОРГ
10159;МАШСТРОЙ ТПК ТОВ
10160;Клиент 10160
10161;Вільнянський машинобудівний завод ТОВ
10163;БИЧКОВА АЛЬОНА АНАТОЛІЇВНА
10166;Клиент 10166
10167;Клиент 10167
10168;СІЛЬГОСПАГРОБУД ТОВ
10169;Клиент 10169
10170;Клиент 10170
10171;Клиент 10171
10172;Клиент 10172
10173;АЙРОНСТІЛ ТК  ТОВ
10174;Клиент 10174
10175;Клиент 10175
10177;Фортіс  ТВК   ТОВ
10178;Клиент 10178
10180;МЕТАЛ ВОРК ТОВ
10182;Клиент 10182
10186;ДИФАКТОРИ ПЛЮС  ТОВ
10187;Клиент 10187
10188;АЛЬФАГАЗ ТОВ
10189;МАКСФЕРУМБУД ТОВ
10191;Клиент 10191
10192;Клиент 10192
10194;Клиент 10194
10195;Клиент 10195
10196;АВТОКРАЗ АТ
10198;Клиент 10198
10199;РЕГІОН МЕТАЛ ПП
10200;ЕВЕРЛАСТ ТОВ
10201;Клиент 10201
10202;Арсі Трак
10203;Клиент 10203
10205;Новак В.А. ФОП
10207;Клиент 10207
10208;ДІМ СТАЛI В ТОВ
10209;Клиент 10209
10210;Клиент 10210
10211;Клиент 10211
10212;КИЇВСЬКА РУСЬ-Л.Т.Д. ТОВ
10214;Клиент 10214
10217;Клиент 10217
10218;Клиент 10218
10219;ЮКРЕЙН АРМОР ТОВ
10220;Клиент 10220
10222;Клиент 10222
10223;Клиент 10223
10224;АЙПI 2020 ТОВ
10226;Харьковська  Людмила  Миколаївна ФОП
10228;Клиент 10228
10230;Клиент 10230
10231;Клиент 10231
10232;ТРІ-ЛЕНД ТОВ
10234;КС-СТАЛЬ ТД ТОВ
10235;АРТИК СТАЛЬ ГРУПП ТОВ
10236;Клиент 10236
10237;Мартиненко С О ФОП
10238;ГІДРАВЛІК ПРОФІ
10240;Ареф'єв Дмитро Олегович ФОП
10241;МОНТАЖНИК-К ТОВ
10242;Дручковський сервіс ТОВ
10243;Клиент 10243
10244;Клиент 10244
10247;Клиент 10247
10248;ТЕХНОМАШ ЧЕРКАСИ
10249;ОКСІМЕТ ТОВ  ВАНТАЖИТЬ ТІЛЬКИ З ПОГОДЖЕННЯМ З А.В.!!
10251;ВЕК-ТОР НВП ТОВ
10252;ГАРАНТОВАНИЙ ПОКУПЕЦЬ
10253;РЕМТЕХСЕРВІС ВК ТОВ
10254;Клиент 10254
10256;ЗЕТТА ГРУП ТОВ БЕЗ СКИДОК +1500грн
10257;ДП БУД СК ТОВ
10261;Клиент 10261
10264;ВАЛМАР ТРЕЙД ТОВ
10265;Клиент 10265
10272;Перемога  ТД  ПП
10273;ВАГОВІ РІШЕННЯ ТОВ
10275;Клиент 10275
10276;АЛВИСС ООО
10277;ПРОФІКОР-8
10281;Клиент 10281
10282;СТАЛЬ-БУД УКРАЇНА ТК ТОВ
10284;КОМЕКС ТД
10285;Клиент 10285
10286;Клиент 10286
10287;Вовк Тетяна Олександрівна
10290;МЕТАЛ ПЛЮС УКРАЇНА
10295;Клиент 10295
10297;КРАМАТОРСЬКИЙ З-Д СПЕЦ. КРІПЛЕННЯ ТОВ
10300;ІНТЕЗІС
10301;ОЛКАТ ТОВ
10302;Клиент 10302
10306;НИКОС-М ТОВ
10307;Степанчук Юлія Миколаївна ЧЛ
10308;ДЖОН ДІР ТЕХНОЛОГІЇ СК ТОВ
10312;Клиент 10312
10313;Спецметаллстрой ТОВ
10314;Клиент 10314
10316;Клиент 10316
10318;Жнив-Агро ТОВ
10319;Клиент 10319
10320;МЕТАЛО ГАЛЬВА УКРАЇНА ТОВ
10321;Назарчук Інна Олександрівна ЧЛ
10324;Меркурій Агротех ТОВ
10325;Клиент 10325
10328;АЛЬФА СТІЛ ЮНІТІ ТОВ
10329;Клиент 10329
10330;РЕДУКТОРКОМСЕРВІС ТОВ
10331;РОТОПРІНТ ТОВ
10332;АЛЬЯНС АСТРА ТД ТОВ
10333;МЕТАЛ ІНВЕСТ СТАЛЬКОНСТРУКЦІЯ ТОВ
10334;РТЕС ТОВ
10335;ЮНИМЕТ ХОЛДИНГ ТОВ
10339;ЮТМК УКРАЇНА ТОВ
10340;Клиент 10340
10343;Клиент 10343
10348;Техноколор-Дніпро ТОВ
10350;ХОМЮК КАТЕРИНА АНДРІЇВНА
10351;Ковальчук Нина Сергеевна
10352;ЛІДЕР ВКП  ТОВ
10354;Клиент 10354
10355;Клиент 10355
10357;Клиент 10357
10359;ЯКИМЕНКО ТЕТЯНА АНАТОЛІЇВНА ФОП
10360;НАСОСЕЛЕКТРОМАШ ТОВ
10361;Клиент 10361
10362;Клиент 10362
10363;ПОЛТАВСЬКИЙ  ГЗК ПАТ
10364;СТАЛЬТІМА КП ТОВ
10365;Клиент 10365
10369;ОМЕГА СТАЛЬ ТОВ
10370;СТИЛ АДВАНС ТОВ
10371;Клиент 10371
10372;ПРОМ АЛЬЯНС ХОЛДИНГ ТОВ
10375;Клиент 10375
10376;АОИЛ ТОВ
10377;УКРАЇНСЬКА МАШИНОБУДІВНА КОМПАНІЯ  НВП ТОВ
10380;СТАРТ-АП ТОВ
10383;Бондарчук Василь Іванович ФОП
10384;БЕЛОЦЕРКОВПОСТАЧСБУТ ТОВ
10385;Цацук Олег Васильович ФОП
10386;Клиент 10386
10387;УКРЭЛЕКТРОАППАРАТ ТОВ
10388;КВАДРАТ КР ТОВ новый дог
10389;Клиент 10389
10390;ЕДИНЫЕ СТРОИТЕЛЬНЫЕ РЕСУРСЫ ТОВ
10391;ЕКСПРЕС ПРУЖИНИ ТОВ
10393;Клиент 10393
10394;Клиент 10394
10395;Клиент 10395
10396;УКРАРМАІМПОРТ ТОВ
10397;ЗГАРДА ТД ТОВ
10399;Клиент 10399
10400;ДОРМАШ ГРУП
10401;Клиент 10401
10403;Клиент 10403
10405;Клиент 10405
10406;УКРАЇНСЬКА ПРОМИСЛОВА БАЗА
10409;Клиент 10409
10410;ВЕКТОР ІНЖЕНЕРНО-ВИРОБНИЧИЙ ЦЕНТР ПП
10411;ЕКОБУДІНВЕСТ БК ТОВ
10412;УКРТРУБОІЗОЛ НВП З ІІ ТОВ
10414;Клиент 10414
10415;ПЕРЕЧИНСЬКИЙ МЕХАНІЧНИЙ ЗАВОД ТОВ
10416;РЕММАШ ІТРЗ
10417;Дзядик Володимир Романович
10420;ВЕЛМАР ГРУП ТОВ
10421;Клиент 10421
10422;Клиент 10422
10423;Клиент 10423
10424;АРСЕНАЛ СЕРВІС ТОВ
10426;Клиент 10426
10428;СПЛАВ СМЦ ТОВ
10444;Клиент 10444
10457;Клиент 10457
10491;Клиент 10491
10512;Клиент 10512
10607;Клиент 10607
10658;Клиент 10658
11085;ЛЮБИМИЙ ДЕНИС БОРИСОВИЧ ФОП (аренда)
11120;РЕШЕТИЦЬКИЙ ІГОР ЛЕОНІДОВИЧ
11122;УКР БУД ТЕХНОЛОГІЇ ТОВ
11126;АТП 13058 ПАТ
11128;УЖГОРОДСЬКИЙ МАШИНОБУДІВНИЙ ЗАВОД
11130;ПОЛЮХОВИЧ ТАРАС АНАТОЛІЙОВИЧ
11132;ВІВА ВК ТОВ
11133;ДНІПРОПЕТРОВСЬКИЙ РАЙОННИЙ ВІЙСЬКОВИЙ КОМІСАРІАТ
11136;Лапчук Олег Ігорович ФОП
11139;ВИКТОРИЯ-КП ТОВ
11141;Домбровська Валентина Миколаївна ФОП
11143;ИНТЕРСТРОЙ ВП ТОВ
11144;КРАСМЕТ
11150;БАЗІС ЄВРОТРЕЙД ТОВ
11154;ТМ ЦКС
11156;ПІГРЕЙН
11158;ДАР 2018 ФГ
11159;ЯРОСЛАВА СФГ
11160;ІНПРОММАШ ТОВ
11162;АГРОПАРТ УКРАЇНА
11168;АНПЕК НАУКОВО-ВИРОБНИЧЕ ПІДПРИЄМСТВО
11169;Пуфлер Володимир Федорович
11171;ГК СТАЛЬ ТМК
11174;ДАВІД ПЛЮС
11175;Дударева Ірина Сергіївна
11179;Бєлих Дмитро Іванович
11182;АГРОТРАНС СМ
11183;ОСЬ Ж ПП
11186;ХОРЕСТ ТОВ
11187;ПЕРСПЕКШЕН
11188;АРТЕМІДА 1991 ТОВ
11189;УКРАЇНСЬКІ БУРОВІ МАШИНИ
11193;АКТА ПАТ
11194;МЕТАЛМАРКЕТ ГРУП ТОВ
11196;Альфа Композіт ТОВ
11197;Ковальов Максим Дмитрович ЧЛ
11198;ГЕТЬМАН ТВК ТОВ
11200;СТРІМТЕХ
11201;Ткачук Оксана Володимирівна
11202;МАРЕНОК СЕРГІЙ МИХАЙЛОВИЧ
11203;ПРОМРУДМАШ
11204;БІО ТРАНС СЕРВІС ТОВ
11205;Деус-Агро ТОВ
11209;Комарович Олег Миколайович ЧЛ
11210;ДВА Т ГРУП
11212;ЦКС ТРЕЙД
11214;ДАФМІ
11216;ТК КС ТОВ
11220;ДНІПРОВСЬКІ СІЛЬГОСПМАШИНИ ТОВ
11225;ФЕРРА ТРЕЙД
11226;МАКСИМА МЕТАЛ СЕРВІС ТОРГОВИЙ ДІМ
11228;Сталевий Двір
11229;ГОРСТАЛЬ ЗАВОД
11230;НЬЮЕРДЖІ ТОВ
11232;ПРОМУНІВЕРСАЛГРУП ТОВ
11239;СТАЛЬКОМПЛЕКТ + ТОВ
11240;Формокомплекти і запчастини ТОВ
11241;АМС 2021 ТОВ
11243;ЮНІТМАШ
11244;Днепромашпром НВП ТОВ
11245;ЕРИСТОВСКИЙ ГОК ТОВ
11246;АРСЕЛОР МЕТ ТОВ
11249;РУМЕТ ПП
11250;Савченко Ігор Юрійович ЧЛ
11252;Забайрачний Сергій Анатолійович ФОП
11253;Клиент 11253
11254;КЛЮЧ ФІРМА
11255;ЛОРТА ЛЬВІВСЬКИЙ ДЕРЖАВНИЙ ЗАВОД ДП
11256;Пирогова Олена Васильівна
11258;СТІЛМАГ ТОВ
11260;УКРГЕОЛОГІЯ ТОВ
11265;Клиент 11265
11268;Карниш Аліна Олександрівна
11269;УНІВЕРСАЛЬНІ БІЗНЕС МАШИНИ ТОВ
11270;АФК ІНВЕСТ
11273;Попєльнух Валерiй Васильович ЧЛ
11278;ГРЕЙН ЕНЕРДЖІ
11279;АГРО СПЕЦСЕРВІС ТОВ
11280;МАТЕРІУМ
11282;ПОЛІМЕТАЛ УКРАЇНА ТОВ  (Варто)
11284;ХАРКІВ ТРАКТОР ІНЖИНІРИНГ
11285;РТС ПРОМИСЛОВА ГРУПА
11286;Укрмотор трейд ТОВ
11287;КРАН.ЛТД ВИРОБНИЧЕ ПІДПРИЄМСТВО
11288;СОЛОМАХА АНДРІЙ ВОЛОДИМИРОВИЧ
11289;САБ ЕНТЕРПРАЙЗ
11292;МЕТАЛКАСТ
11293;ЕКСТРУДЕР НАУКОВО-ВИРОБНИЧЕ ПІДПРИЄМСТВО
11295;ТИМОФІЄВ ЄВГЕНІЙ ВАЛЕРІЙОВИЧ ФОП
11297;К42 ТОВ
11300;АРМАТУРНА МАЙСТЕРНЯ ТОВ
11301;Ковтун Олександр Миколайович
11306;Равлюк Павел Иванович ЧЛ
11309;ЕНЕРГІЯ
11310;Бражніков Володимир Анатолійович ФОП
11312;ТРИЗУБ ТД ПП (Перемога)
11317;АЛТЕКС КОМПАНІЯ
11320;ДНІПРО ЕЛЕКТРОСИЛА ТОВ
11321;ТИТАН-УКРАЇНА ВКП ТОВ
11324;ТСС УКРАЇНА
11325;УКРПРОММІНЕРАЛ
11329;ІНТЕКС СТІЛ ПЛЮС
11330;Завадський Олександр Станіславович ЧЛ
11331;АМЕГ УКРАЇНА
11333;Закарадзе З.З. ЧЛ
11338;МОНОЛІТ-ЦЕНТР ТОВ
11340;УКРІНМАШ ТОВ
11342;КОМПРЕСОРМАШ ТОВ НТФ
11343;МАРМЕТ ТОВ
11345;РЕЗОН ТОВ
11346;"SRL ""MIRZAGHITOV AND Co"" Молдова."
11348;АТОМПРОМСТАЛЬ
11354;ДНІПРОМЕТ ТД
11358;Сподобаєв Миколай Миколайович
11359;СТАЛЬКІНГ ТОВ
11363;ДНІПРОПЕТРОВСЬКИЙ МЕТАЛУРГІЙНИЙ КОМБІНАТ ТД -НЕ КРЕДИТОВАТЬ - 17.10.24
11365;ТРЕЙСТОН
11366;СОФІЯ С ТОВ
11368;СОЛАР СТАЛЬКОНСТРУКЦІЯ
11369;ТУРЧЕНКО ДМИТРО ЮРІЙОВИЧ
11370;ПОШСТІЛ
11374;АДАМАНТ 95 ВИРОБНИЧЕ ПІДПРИЄМСТВО
11379;Гарайбе Аніс Тахссинович ФОП
11381;ІНТЕРМІКС ТД
11382;АККОРД ТРЕЙДИНГ
11383;ДІМ ЕЛЕКТРИКИ МОНТАЖНО СЕРВІСНЕ ПІДПРИЄМСТВО
11386;СИСТЕМИ МОДЕРНІЗАЦІЇ СКЛАДІВ ТОВ
11388;АЙРОН-УКРАЇНА ТОВ
11389;КОМПЛЕКС ТОВ
11390;ЄВРОЗВ'ЯЗОК
11391;СПАРТА ТД ТОВ
11392;БИЧКОВА НАТАЛЯ ІВАНІВНА
11398;НАЗАРІВСЬКЕ
11400;ДНЕПРСПЕЦМАШ ТОВ
11402;ПРАЙМ ЕНЕРДЖІ ГРУП ТОВ
11404;ТЕРМОЛІТ-ІНВЕСТ ТОВ
11407;БО ФОНД 1654
11413;ІСТ ЛОУД ГРУП ТОВ
11417;Леванков Денис Сергійович
11420;ТЕХМАШ АГРО ТОВ
11424;Полевик Галина Федорівна ФОП
11425;СПЛАВ ТД ТОВ
11429;ОРГТЕХНІКА ФІРМА
11430;УКР ХОЛДИНГ ПОСТАЧ
11431;МС ТРЕЙД УКРАЇНА
11432;ГІРНИЧО-РУДНІ ТЕХНОЛОГІЇ
11433;ТЕХНОФОРУМ ТОВ
11434;ХАРД РЕСУРС ЮА
11437;ШЛЯХБУД ЗБВ
11438;Воробйов Антон Володимирович ЧЛ
11439;АРТОС НАУКОВО-ВИРОБНИЧА ФІРМА
11442;ДНІПРОВСЬКИЙ ВЕРСТАТОРЕМОНТНИЙ ЗАВОД ТОВ
11443;МІКРОН Т
11444;ВЕНТИЛЯЦІЙНІ РІШЕННЯ ВЕНТСОЛ ТОВ
11450;ДС-МЕХАНІК
11453;РИШТОВКА-ВЕСТ
11455;ГРАНД СН ТОВ
11456;ІНГУАР КОНСТРУКТОРСЬКО-ВИРОБНИЧЕ ПІДПРИЄМСТВО
11458;ТОНМЕТ ХОЛДІНГ ТОВ
11461;Стащенко Ганна Михайлівна ФОП
11462;Биханов Роман Геннадійович ФОП
11463;ГИРИК АНАТОЛІЙ ОЛЕКСІЙОВИЧ
11464;ГАРДА ТД ТОВ
11466;Тітовський Д.О. ЧЛ
11468;УКРТЕХНОСЕРВІС ФІРМА ВИРОБНИЧО-КОМЕРЦІЙНА
11469;НІКА МК
11473;ПОЛІТЕХПРОМ ТОВ
11477;ХАРД СТІЛ ІНДАСТРІ
11479;ВД транс ТОВ
11480;ВЕДА ТОРГІВЕЛЬНИЙ ДІМ
11481;МЕТАЛ ПРОФІЛЬ ГРУП
11482;МЕТАЛ-МЕТИЗ ПЛЮС ТОВ
11485;ЗАВОД ПРОМИСЛОВИХ ТЕХНОЛОГІЙ ТОВ
11488;ХАРКІВСЬКИЙ ДОСЛІДНИЙ ЛИВАРНИЙ ЗАВОД
11491;СПЕЦПРОМЕНЕРГО-1 ТОВ
11496;ІНДУСТРІАЛЬНИЙ ПАРК ПІВНІЧНИЙ ТОВ
11499;Гнатюк Олександр Володимирович
11500;ГРАНБУТПОСТАЧ ТОВ
11501;ВОЛЬТЕН НАУКОВО-ВИРОБНИЧЕ ПІДПРИЄМСТВО
11504;Литвин Владислав Миколайович ЧЛ
11508;Дніпропетровське експериментальне протезно-ортопедичне підприємство ДКП
11509;ВЕНТИЛЯЦІЙНІ СИСТЕМИ ТОВ
11513;ТВЕРДОХЛІБ ВІТА ІВАНІВНА ФОП
11516;МІРОШНИК ОЛЕКСАНДР ГРИГОРОВИЧ
11517;МОНОЛІТ-ГРУПП ТОВ
11519;ГРАНДКОРТ ТОВ
11521;ЕКО-КОМУНТРАНС ТОВ
11525;ЖАРЧИНСЬКИЙ ВІТАЛІЙ ВІТАЛІЙОВИЧ ФОП
11528;ЕМК ЕНЕРГІЯ ТОВ
11531;БИЧКОВ ВАСИЛЬ АНАТОЛІЙОВИЧ ФОП
11532;ПРОММАШ НВП
11533;ЕСКАЛЬ ЦИНК ТОВ
11534;АНТАРЕС РІТЕЙЛ
11535;ЕЛІТ-ОІЛ ТОВ
11536;Левченко Андрій  Владиславович
11537;ГАЙДАШ СЕРГІЙ ВІКТОРОВИЧ ФОП
11538;Бiленко Володимир Миколайович ПРИВАТНА ОСОБА
11539;НІКОН-ДНІПРО ТОВ
11541;МК ЄВРАЗТРЕЙД ГРУП ТОВ
11542;Хворост Андрій Михайлович ПРИВАТНА ОСОБА
11545;Савченко В'ячеслав Миколайович
11547;ПЛІЧ-О-ПЛІЧ БО
11548;ТАЙКУНС
11552;УКРАЇНСЬКІ МАШИНОБУДІВНІ ЕЛЕМЕНТИ НВП
11553;МЕТАЛ ПРОФІЛЬ ВК
11556;Прокопчук Василь Васильович ЧЛ
11557;Кіріченко Валерій Валентинович ФОП
11559;Грицаненко Владислав Миколайович
11563;ІЛЯСОВ АНТОН ІГОРОВИЧ ФОП
11565;РОБАКІДЗЕ А. В. ФОП
11567;ВУД ТОВ
11591;ПЕГАС ТВК ТОВ
11611;ДНІПРОПРЕС НПО ТОВ
11616;АВТОСКЛАДАЛЬНИЙ ЗАВОД ПАТРОН АВТО НВП
11626;МИШУСТА Іван Васильович ФОП
11627;ІНТЕХ ЕНЕРГО ТОВ
11641;ДЕФЕНС ЮА ТОВ
11643;АЛІМАК ВП ТОВ
11678;Клиент 11678
11683;ДЕВ'ЯТКО ІГОР ІВАНОВИЧ
11694;ЛОРЕН-ГРУП ТОВ
11707;ЕНДОР КОМПАНІ
11723;ДЕВ ІНВЕСТ ГРУП
11733;АСТЕР-М ТОВ
11743;ТРАК ТРАФІК ТОВ
11747;ФЛІП АЛЬЯНС ТОВ
11758;МОВА І КО ТОВ
11760;БМК-ЛІСТОРГ
11782;ЕЛТЕХКОМП НАУКОВО-ВИРОБНИЧЕ ПІДПРИЄМСТВО ТОВ
11785;ДИСКАГРО ПЛЮС ТОВ
11786;ГАВРИЛЕНКО ВОЛОДИМИР ВІКТОРОВИЧ ФОП
11791;НОВІК МК
11796;БУДТРАНСЕКСПОРТ ПП
11799;ПЕТПЛАСТ ТОВ
11809;ТРІНГЕР ТОВ
11818;УкрМетБуд Торговий Дім ТОВ
11822;Шаповал Іван Михайлович ПРИВАТНА ОСОБА
11837;АСПІТ ТОВ
11847;ВАРТО  СЕРВІСНИЙ МЕТАЛОЦЕНТР  ТОВ
11854;ЕНЕРГООБЛІК ПАО
11865;ТЕХНО-СМАРТ ЛТД ТОВ
11868;ЗАВОД ВГО ТОВ
11869;ВІНТАНА ГРУП ТОВ
11871;ПАРТЕК УКРАЇНА ТОВ
11873;ЗАВОД СПЕЦ МАШИН ТОВ
11881;Олійник Яна Сергіївна ФОП
11883;СТАЛЬТІМА ККП ТОВ
11909;АЙНЕКТ МЕТАЛ ТД ТОВ
11911;АВТО-М ТОВ
11913;ДЕНКОМ
11918;ПРОМИСЛОВИЙ СОЮЗ 2017
11923;БЛІЗАРД МЕТАЛ ТОВ
11924;ФлешНіка ТОВ
11927;ВЕНА ВИРОБНИЧЕ СІЛЬСЬКОГОСПОДАРСЬКЕ ПІДПРИЄМСТВО ТОВ
11928;ФУДПРОМСЕРВІС
11949;Соляник Вікторія Володимирівна ФОП
11950;НАТАФАРМ ТОВ
11953;ОГНІЦЬКИЙ МИКОЛА СТАНІСЛАВОВИЧ ФОП
11971;ВОСТОК МЕТАЛ Х ТОВ
11973;Звягельський завод сільгоспмашин ПАТ
11979;МЕТКАРС. ТОВ
11984;ФЕРРУМ-СТІЛ ТОВ
11986;БІШОФІТ КРИСТАЛ ТОВ
12003;УКРТРАНЗИТ ТОВ
12019;АЯКС ДНІПРО ТОВ-НЕ РАБОТАЮТ
12021;ФЕРРО МАКС ПРОТЕКТ  гол.установ.
12024;Артик Сталь Груп
12026;ПАВЛОГРАДСПЕЦМАШ ЗАВОД ТОВ
12027;ЄВРОБУДМЕТАЛ ТОВ
12031;Тимошенко Богдан Валерійович
12033;ВОДРЕМ ТОВ
12037;ВЕЛТА ВИРОБНИЧО - КОМЕРЦІЙНА ФІРМА
12049;АВТОТРАНСПОРТНЕ ПІДПРИЄМСТВО ТІР ТОВ
12051;ЛЕОН МЕТАЛ ТОВ
12054;ЛИВАРНО-ІНЖЕНЕРНА КОМПАНІЯ ТОВ
12055;БУДПРОМЗАБЕЗПЕЧЕННЯ ТОВ
12056;САНТЕХМОНТАЖ
12059;ТЕХАВІАКОМ НВК
12060;БІЛЕНКО ОКСАНА ВІКТОРІВНА ПРИВАТНА ОСОБА
12067;МІТЦЕЛЬ МИКОЛА ОЛЕКСАНДРОВИЧ ФОП
12083;ДИБА ОЛЕКСАНДР ВОЛОДИМИРОВИЧ ФОП
12093;ГРАНОВСЬКА ІРИНА ЮРІЇВНА
12101;ДІОНІС МГ ПЛЮС
12107;Лощенко Микола Анатолiйович ПРИВАТНА ОСОБА
12110;ПРОМПРИЛАД ІВАНО-ФРАНКІВСЬКИЙ ЗАВОД
12116;УСАТИЙ ВЛАДИСЛАВ ВОЛОДИМИРОВИЧ ФОП
12122;АЛЄКСЄЄНКО МАКСИМ ВАСИЛЬОВИЧ ФОП
12128;ГАРАНТІЯ ПЛЮС ПП
12131;ЕТАЛОН ТОРГ
12134;КОСТЕНКО МАКСИМ КОНСТЯНТИНОВИЧ ПРИВАТНА ОСОБА
12135;РЕАН ПСП
12161;ЗДО ЦЕНТР ТОВ
12172;ТЕХНОЛОГІЇ ПІДЙОМУ  НВК ТОВ
12174;РВТ-СЕРВІС ТОВ
12175;ПАВЛОГРАДМАШ ТОВ
12185;МЕТАЛОСВІТ ТОВ
12186;МЕТАЛОПРОКАТ ЮА ТОРГОВО-ВИРОБНИЧЕ ПІДПРИЄМСТВО ТОВ
12190;ЗАВОД НАФТОГАЗОВОГО ОБЛАДНАННЯ ТОВ
12196;АГРОРЕКАВЕРІ ТОВ
12198;ІНДУСТРІЯ МЕТАЛІВ ТОВ
12199;УКРПОСТАЧ ПЛЮС
12201;СТАЛЕВИЙ ПАРТНЕР ТОВ
12209;МАШИНОБУДІВНЕ ВИРОБНИЧЕ ОБ'ЄДНАННЯ ЕНЕРГІЯ ТОВ
12214;ПАВЛІВ СТАНІСЛАВ ПЕТРОВИЧ ПРИВАТНА ОСОБА
12221;КАЛЬЯНОВ ІВАН ВАЛЕРІЙОВИЧ
12224;Рубцов Ігор Євсейович ПРИВАТНА ОСОБА
12232;Завод Арсенал
12234;Кушнір Олександр Іванович ПРИВАТНА ОСОБА
12235;АРСЕНАЛ-ЦЕНТР ТОВ
12236;СТАР-МАРКЕТ НВП
12242;АНУКА ТОВ
12248;УСИК СЕРГІЙ ПРОКОПОВИЧ ФОП
12253;ЛЕМАРКАН ТОВ
12254;МЕТАЛОІНВЕСТ УКРАЇНА ТОВ
12256;МЕТАЛОБАЗА ФЕРРУМ
12260;СК СПМ ТОВ
12262;Глушко Михайло Сергійович ФОП
12266;ПРАЙМ БУДІНВЕСТ ТОВ
12268;ПЕРША ДНІПРОВСЬКА КУЗНЯ БАСТІОН ТОВ
12285;ЕЛІТГРУП ТК ТОВ
12286;ГАЗІНВЕСТ НВП
12287;ОЛІМПІЯ СТРОЙ ТОВ
12289;МЕТАЛОБАЗА ВЕРТИКАЛЬ ТОВ
12294;ГНЕЛИЦЬКИЙ ІГОР СЕРГІЙОВИЧ ФОП
12296;ПРОФЛАЙН 2020 ТОВ
12312;ДМСК ТОВ
12315;МЕТАЛОТЕХРЕСУРС ТОВ
12316;ПРОКОФ'ЄВ СЕРГІЙ ВОЛОДИМИРОВИЧ  ФОП
12317;Григор'єв ВАДИМ В'ячеславович
12329;ТЕХРАЙН ТОВ
12333;КОМПРЕСОРМАШ-СЕРВІС ТОВ
12334;МЕТАЛ БАЗА КОМПЛЕКС
12338;КРЕМАГРОНАФТОСЕРВІС ПП
12341;РОДОРС ТОВ
12348;ЯВЕЦЬКИЙ ВОЛОДИМИР ВОЛОДИМИРОВИЧ ФОП
12351;ВОСТОЧНИЙ ЕКСПРЕС ТОВ
12355;ЛАСУНКА ТОВ
12360;Авітел груп ТОВ
12361;КРЕАТИВ-КАПІТАЛ ТОВ
12362;ТЕОН УКРАЇНА ТОВ
12368;СТКМ ГРУП ТОВ
12370;ТРУБНИЙ ЗАВОД ТАЙФУ ТОВ
12373;АКСІОМ ІНЖИНІРИНГ ГРУП ТОВ
12377;УКРМЕГАПРОМ ТОВ
12378;МИКОЛАЇВСЬКИЙ ТЕПЛОВОЗОРЕМОНТНИЙ ЗАВОД ТОВ
12381;МЕТАЛОЦЕНТР ВІКАР ТОВ
12382;ІНТЕХ МЕХАНІКА ТОВ
12394;Гайдук Ігор
12400;МЕТАЛОЦЕНТР МРІЯ
12405;СЛИША ОЛЕКСАНДР ВОЛОДИМИРОВИЧ ФОП
12409;АЛКОР-ІНВЕСТ ТОВ
12415;МЕРЕФА МЕТАЛ СЕРВІС ТОВ
12417;АР.ГРУП
12418;ТЕХНОРІШЕННЯ ТОВ
12419;Металекс Альянс
12427;ОМЕГА ГК ТОВ
12430;ТОРГІНДУСТРІЯ ТОВ
12435;АСТЕЙ НВП ТОВ
12438;ПРОМІНСТРУМЕНТ-ВІННИЦЯ ТОВ
12440;СТАЛЕВА КРАЇНА
12447;Кондратюк Наталія Володимирівна ЧЛ
12448;Пром Сталь Група Компаній
12450;СІЛЬВЕР МЕТАЛ ГРУП
12467;Березанський Олександр Аркадiйович ЧЛ
12468;СТІЛ СОЛЮШНС ЮКРЕЙН ТОВ
12472;УКРАВТОКОМПЛЕКТ ТД
12473;ЕН СІ ІНЖИНІРИНГ УКРАЇНА
12492;АДВІСМАШ НВФ
12493;СТІЛ АДВАНС ТД ТОВ
12495;ЕЛМОТЕХНОЛОГІЇ ТОВ
12508;КОНТИНЕНТ СТАЛЬ ТОВ
12512;МЕТАГРОБУД ТОВ
12531;ПРОМ АЛЬЯНС ГРУП ТК ТОВ
12539;ПРОМГАЗ ПВКП
12542;РІЧ ТОВ ПП
12543;АМАРІ УКРАЇНА ТОВ
12546;АКОНІТ-ДС ПП
12552;ПРОФ САПЛАЙ ТОВ
12557;УКРАЇНСЬКИЙ СТАЛЕВИЙ ХОЛДИНГ ТОВ
12559;ПРОМСТАЛЬ-А ТОВ
12561;ГЛОБАЛ РЕСУРС ГРУП
12564;ОКЕАН-ТЕРМІКО ТОВ (новий)
12565;СЕВЕН МІТАЛ ТОВ
12568;УНІВЕРСАЛЬНІ ІНЖЕНЕРНІ РІШЕННЯ НВП
12571;АНДРОСЮК ОЛЕКСАНДР МИКОЛАЙОВИЧ ФОП
12577;М-СПЕЦТРЕЙД ТОВ
12578;РОВА ТРЕЙД ТОВ
12579;СТИЛ-ІМПЕКС
12580;КІБІРЄВ ВІТАЛІЙ ЮРІЙОВИЧ ФОП
12589;ОСНАСТКА-МАРКЕТ ТДВ
12592;МТ СОЛЮШНС   ТОВ
12601;АКРОН-СТАЛЬ
12602;ЛЕПІН ОЛЕКСАНДР ВІКТОРОВИЧ ФОП
12603;МАЯК-ПЕРСПЕКТИВА АКЦІОНЕРНОГО ТОВАРИСТВА ЗАВОД МАЯК
12608;Пилипишин Сергій Павлович ПРИВАТНА ОСОБА
12609;ЄВРОФОРВАРД УКРАЇНА НВП ТОВ
12610;КОМОС ТОВ
12622;ТЕХНОСМАРТ ГРУП
12625;ЛАГУТІНА НАТАЛІЯ ВОЛОДИМИРІВНА ФОП
12629;МБС-ІНЖИНІРІНГ
12630;МОНБЛАН
12636;ПЛАНТ УКРАЇНА
12646;АТЛАНТ-РХ ТОВ
12649;ССС ТОВ
12651;ЛВМ КОМПЛЕКТ ТОВ
12658;НІКОГАЗСЕРВІС  ТОВ
12659;Інвестмаш ТВК
12694;ОРІЄНТ ЛТД
12700;ІНТЕРСТИЛЬ ПП
12708;СТАЛЬМІКС ТОВ
12714;ВЕРСТАТОЛИВ ДНІПРОВСЬКА ЛИВАРНО-МЕТАЛУРГІЙНА КОМПАНІЯ
12721;УКРПРОМРЕСУРСИ ТОВ
12723;ГРАНД ОІЛ ЕНЕРДЖІ ТОВ
12725;УПРАВЛІННЯ ГАЗОВИХ РОБІТ ТОВ
12729;УКРСПЕЦРЕДУКТОР НАУКОВО-ВИРОБНИЧЕ ПІДПРИЄМСТВО ТОВ
12731;ДЕЛЬТА-ЕСТЕЙТ ТОВ
12736;КСЛ 16 ТОВ
12737;ІНТЕРА МАЛЕ ПРИВАТНЕ ПІДПРИЄМСТВО НАУКОВО- ВИРОБНИЧЕ ОБ'ЄДНАННЯ
12742;ОЛІМПЕКС ГРУП
12744;ЗАВОД СКОБ’ЯНИХ ВИРОБІВ 1905 ПП
12749;УВК ІНВЕСТ ТОВ
12759;СПС-БУД ТОВ
12761;Попов Сергій Вікторович
12762;МАКСИМА МЕТАЛ ТД ТОВ
12764;БУД ЦЕНТР 2018
12772;ЖДАНОВ ВІКТОР ДМИТРОВИЧ ФОП
12776;АГРОРЕММАШ-СПЕЦТЕХНІКА ТОВ
12781;Вірчич Сергій Сергійович ЧЛ
12783;МЕТАЛУ ТД
12786;Поінт МеталТОВ
12794;ФРЕНДЛІ ВІНД ТЕХНОЛОДЖІ ТОВ
12804;ПОЛІМЕТГРУП ТПК ТОВ
12806;Абрамін Вадим Сергійович ЧЛ
12807;СИДОРЧУК ВІТАЛІЙ МИКОЛАЙОВИЧ ФОП
12809;АРСІ ТРАНС ТОВ
12810;Галкран ТОВ
12813;ДСК-ДНІПРО ТОВ
12826;ГУРАЛЬНЯ БРУНИЦЬКИХ ТОВ
12836;ТЕХМАШ-УКРАЇНА ТОВ
12837;УКРАЇНСЬКІ СИСТЕМИ ПОСТАЧАННЯ ДЛЯ БУДІВНИЦТВА ТОВ
12841;МАРТИНОВА ТЕТЯНА ВАЛЕРІЇВНА ФОП
12849;КОВСТАЛЬ ВКФ ТОВ
12853;ІНВОТЕКС ТОВ
12856;Гіперіон-1 ТОВ
12862;УКР-ЕЛІТ ПЛЮС ТД ТОВ
12864;ПРОМЕКСПОРТ ТОВ
12867;Носков Євгеній  Кирилович
12872;КВАДО НВФ
12882;СІОМ ІНДАСТРІ ТОВ
12887;ФЬЮЧЕ ТРЕЙДІНГ
12890;ТАРГЕТ ТОРГОВЕЛЬНО-РЕМОНТНЕ ПІДПРИЄМСТВО
12893;СКБ 27
12896;АН-ТРЕЙД
12897;Дніпроенергосталь ТОВ
12899;ПРИВАТБУДІНДУСТРІЯ
12903;СТАЛЬПРОФІ УКРАЇНА
12906;ХАРКІВСЬКЕ МЕТАЛООБРОБНЕ ПІДПРИЄМСТВО
12911;Полозова Світлана Олександрівна
12915;ТАВР СМЦ ТОВ
12918;РУДЕНКО ІГОР ЄВГЕНОВИЧ
12919;ЛАРСЕМ
12920;ДНІПРОВСЬКИЙ МЕТАЛУРГІЙНИЙ КОМБІНАТ ТОРГОВИЙ ДІМ
12937;РОВЕР ВІЛС
12943;ДНІПРО-СПЕЦМОНТАЖБУД
12945;ВОРОН ТЕХНОЛОДЖІ ТОВ
12954;БРАТИЦЯ ВАЛЕНТИН ВІТАЛІЙОВИЧ ФОП
12958;СТАТКЕВИЧ В'ЯЧЕСЛАВ ПАВЛОВИЧ ФОП
111810;Клиент 111810
111811;Клиент 111811
39580648;Клиент 39580648
43512165;Клиент 43512165
1932910758;Клиент 1932910758
2245122212;Клиент 2245122212
2370519592;Клиент 2370519592
2541311901;Клиент 2541311901
2723123613;Клиент 2723123613
2936106509;Клиент 2936106509
3020717410;Клиент 3020717410
3133904853;Клиент 3133904853
3151823718;Клиент 3151823718
3282107018;Клиент 3282107018
3311417858;Клиент 3311417858
3327004915;Клиент 3327004915
3338416274;Клиент 3338416274
3391609650;Клиент 3391609650
3466204574;Клиент 3466204574
3493005675;Клиент 3493005675
