id;client_code;invoice_date
1;36;06.01.2026
2;36;07.01.2026
3;36;07.01.2026
4;36;07.01.2026
5;36;07.01.2026
6;36;07.01.2026
7;36;07.01.2026
8;36;20.01.2026
9;36;20.01.2026
10;36;21.01.2026
11;36;23.01.2026
12;36;23.01.2026
13;36;23.01.2026
14;36;27.01.2026
15;36;29.01.2026
16;36;29.01.2026
17;36;04.02.2026
18;36;10.02.2026
19;36;11.02.2026
20;36;16.02.2026
21;36;16.02.2026
22;36;20.02.2026
23;36;20.02.2026
24;36;27.02.2026
25;36;27.02.2026
26;36;27.02.2026
27;36;02.03.2026
28;36;04.03.2026
29;36;04.03.2026
30;36;04.03.2026
31;36;13.03.2026
32;36;16.03.2026
33;36;16.03.2026
34;36;16.03.2026
35;36;16.03.2026
36;36;16.03.2026
37;36;16.03.2026
38;36;16.03.2026
39;36;16.03.2026
40;36;20.03.2026
41;36;25.03.2026
42;36;30.03.2026
43;36;30.03.2026
44;36;30.03.2026
45;10024;31.03.2026
46;45;16.01.2026
47;45;20.01.2026
48;45;18.02.2026
49;58;14.01.2026
50;58;16.01.2026
51;58;28.01.2026
52;58;28.01.2026
53;58;28.01.2026
54;58;29.01.2026
55;58;05.02.2026
56;58;05.02.2026
57;58;05.02.2026
58;58;02.03.2026
59;58;02.03.2026
60;58;02.03.2026
61;58;02.03.2026
62;58;02.03.2026
63;58;02.03.2026
64;58;06.03.2026
65;71;28.01.2026
66;82;27.02.2026
67;84;01.04.2026
68;113;06.03.2026
69;128;11.02.2026
70;128;25.02.2026
71;128;13.03.2026
72;134;02.02.2026
73;144;21.01.2026
74;152;04.03.2026
75;152;04.03.2026
76;154;05.02.2026
77;154;05.02.2026
78;154;03.03.2026
79;11279;12.02.2026
80;11279;12.02.2026
81;11279;12.02.2026
82;11279;18.02.2026
83;11279;25.02.2026
84;11279;11.03.2026
85;11279;27.03.2026
86;169;30.01.2026
87;169;30.01.2026
88;169;03.03.2026
89;167;05.01.2026
90;167;16.02.2026
91;167;23.02.2026
92;167;03.03.2026
93;178;09.02.2026
94;185;28.01.2026
95;185;11.02.2026
96;185;18.02.2026
97;185;04.03.2026
98;185;17.03.2026
99;9903;06.01.2026
100;9903;21.01.2026
101;9903;05.03.2026
102;9903;30.03.2026
103;11162;19.02.2026
104;11162;05.03.2026
105;226;06.01.2026
106;226;12.01.2026
107;249;13.01.2026
108;249;09.03.2026
109;252;21.01.2026
110;252;22.01.2026
111;254;05.02.2026
112;254;23.03.2026
113;288;09.03.2026
114;288;20.03.2026
115;288;25.03.2026
116;12492;04.02.2026
117;12492;04.02.2026
118;12492;18.02.2026
119;12492;18.02.2026
120;12492;24.02.2026
121;12492;24.02.2026
122;12492;24.02.2026
123;12492;09.03.2026
124;12492;10.03.2026
125;12492;20.03.2026
126;11909;07.01.2026
127;11909;23.01.2026
128;11909;27.01.2026
129;11909;27.01.2026
130;11909;03.02.2026
131;11909;03.02.2026
132;11909;10.02.2026
133;11909;19.02.2026
134;11909;25.02.2026
135;11909;20.03.2026
136;11909;27.03.2026
137;10173;12.03.2026
138;12546;13.01.2026
139;12546;04.03.2026
140;12546;11.03.2026
141;12601;20.01.2026
142;12601;06.02.2026
143;395;17.03.2026
144;413;21.01.2026
145;413;12.02.2026
146;415;03.03.2026
147;423;31.01.2026
148;423;28.02.2026
149;423;31.03.2026
150;427;20.01.2026
151;427;20.01.2026
152;427;20.01.2026
153;427;20.01.2026
154;427;20.01.2026
155;427;29.01.2026
156;427;13.02.2026
157;427;10.03.2026
158;427;11.03.2026
159;427;17.03.2026
160;12122;27.02.2026
161;12409;22.01.2026
162;12409;30.01.2026
163;12409;11.02.2026
164;12409;13.02.2026
165;12409;13.02.2026
166;12409;17.02.2026
167;12409;02.03.2026
168;12409;12.03.2026
169;12409;18.03.2026
170;12409;27.03.2026
171;9888;20.01.2026
172;9888;20.01.2026
173;9888;06.02.2026
174;9888;17.02.2026
175;9888;24.03.2026
176;9888;24.03.2026
177;11196;06.01.2026
178;11196;13.01.2026
179;11196;20.01.2026
180;11196;29.01.2026
181;11196;13.02.2026
182;11196;13.02.2026
183;11196;20.02.2026
184;11196;20.02.2026
185;11196;20.02.2026
186;11196;02.03.2026
187;11196;01.04.2026
188;11196;01.04.2026
189;10328;08.01.2026
190;10328;21.01.2026
191;10328;17.03.2026
192;10328;01.04.2026
193;10328;01.04.2026
194;10328;01.04.2026
195;10328;01.04.2026
196;10328;01.04.2026
197;10328;01.04.2026
198;493;08.01.2026
199;496;27.01.2026
200;10332;09.01.2026
201;10332;12.01.2026
202;10332;22.01.2026
203;10332;04.02.2026
204;10332;19.02.2026
205;10332;19.02.2026
206;10332;10.03.2026
207;10332;13.03.2026
208;10332;19.03.2026
209;10332;27.03.2026
210;10332;27.03.2026
211;500;20.01.2026
212;500;26.01.2026
213;500;27.01.2026
214;500;11.02.2026
215;500;27.02.2026
216;500;12.03.2026
217;500;16.03.2026
218;506;28.01.2026
219;12543;07.01.2026
220;530;06.01.2026
221;530;07.01.2026
222;530;07.01.2026
223;530;09.01.2026
224;530;09.01.2026
225;530;13.01.2026
226;530;13.01.2026
227;530;13.01.2026
228;530;13.01.2026
229;530;14.01.2026
230;530;14.01.2026
231;530;15.01.2026
232;530;16.01.2026
233;530;19.01.2026
234;530;20.01.2026
235;530;21.01.2026
236;530;23.01.2026
237;530;23.01.2026
238;530;23.01.2026
239;530;23.01.2026
240;530;23.01.2026
241;530;23.01.2026
242;530;26.01.2026
243;530;27.01.2026
244;530;28.01.2026
245;530;28.01.2026
246;530;29.01.2026
247;530;30.01.2026
248;530;30.01.2026
249;530;04.02.2026
250;530;05.02.2026
251;530;09.02.2026
252;530;09.02.2026
253;530;09.02.2026
254;530;11.02.2026
255;530;11.02.2026
256;530;11.02.2026
257;530;11.02.2026
258;530;11.02.2026
259;530;11.02.2026
260;530;12.02.2026
261;530;12.02.2026
262;530;12.02.2026
263;530;13.02.2026
264;530;13.02.2026
265;530;13.02.2026
266;530;13.02.2026
267;530;16.02.2026
268;530;17.02.2026
269;530;17.02.2026
270;530;18.02.2026
271;530;18.02.2026
272;530;19.02.2026
273;530;19.02.2026
274;530;20.02.2026
275;530;23.02.2026
276;530;23.02.2026
277;530;23.02.2026
278;530;23.02.2026
279;530;24.02.2026
280;530;25.02.2026
281;530;25.02.2026
282;530;26.02.2026
283;530;27.02.2026
284;530;27.02.2026
285;530;02.03.2026
286;530;02.03.2026
287;530;02.03.2026
288;530;02.03.2026
289;530;02.03.2026
290;530;02.03.2026
291;530;02.03.2026
292;530;02.03.2026
293;530;03.03.2026
294;530;04.03.2026
295;530;04.03.2026
296;530;05.03.2026
297;530;05.03.2026
298;530;06.03.2026
299;530;06.03.2026
300;530;06.03.2026
301;530;09.03.2026
302;530;10.03.2026
303;530;10.03.2026
304;530;10.03.2026
305;530;12.03.2026
306;530;12.03.2026
307;530;12.03.2026
308;530;13.03.2026
309;530;13.03.2026
310;530;17.03.2026
311;530;17.03.2026
312;530;17.03.2026
313;530;18.03.2026
314;530;18.03.2026
315;530;19.03.2026
316;530;20.03.2026
317;530;23.03.2026
318;530;24.03.2026
319;530;26.03.2026
320;530;27.03.2026
321;530;30.03.2026
322;530;31.03.2026
323;530;31.03.2026
324;530;31.03.2026
325;530;31.03.2026
326;530;31.03.2026
327;530;01.04.2026
328;11331;12.01.2026
329;11331;17.02.2026
330;11331;10.03.2026
331;11331;17.03.2026
332;12571;14.01.2026
333;11534;11.02.2026
334;590;21.01.2026
335;10376;09.01.2026
336;10376;09.01.2026
337;10376;10.02.2026
338;10376;10.02.2026
339;10376;10.02.2026
340;10376;01.04.2026
341;621;13.01.2026
342;621;13.01.2026
343;621;16.01.2026
344;621;27.01.2026
345;621;20.02.2026
346;621;20.02.2026
347;621;02.03.2026
348;621;02.03.2026
349;621;06.03.2026
350;621;11.03.2026
351;9708;04.03.2026
352;635;27.01.2026
353;635;25.02.2026
354;635;06.03.2026
355;635;01.04.2026
356;641;23.02.2026
357;658;28.01.2026
358;658;28.01.2026
359;658;28.01.2026
360;658;09.02.2026
361;658;12.03.2026
362;648;23.01.2026
363;650;15.01.2026
364;660;14.01.2026
365;660;14.01.2026
366;660;28.01.2026
367;660;28.01.2026
368;660;03.02.2026
369;660;11.02.2026
370;660;24.02.2026
371;660;25.03.2026
372;660;25.03.2026
373;660;25.03.2026
374;660;01.04.2026
375;660;01.04.2026
376;11246;13.01.2026
377;11246;19.01.2026
378;11246;21.01.2026
379;11246;02.02.2026
380;11246;04.02.2026
381;11246;05.02.2026
382;11246;11.02.2026
383;11246;17.02.2026
384;11246;19.02.2026
385;11246;25.02.2026
386;11246;02.03.2026
387;10202;16.02.2026
388;10202;16.02.2026
389;12646;13.02.2026
390;10063;05.03.2026
391;818;05.01.2026
392;818;09.01.2026
393;818;14.01.2026
394;818;20.01.2026
395;818;20.01.2026
396;818;22.01.2026
397;818;22.01.2026
398;818;29.01.2026
399;818;29.01.2026
400;818;12.02.2026
401;818;12.02.2026
402;818;12.02.2026
403;818;17.02.2026
404;818;19.02.2026
405;818;20.02.2026
406;818;03.03.2026
407;818;03.03.2026
408;818;05.03.2026
409;818;11.03.2026
410;818;12.03.2026
411;818;17.03.2026
412;818;24.03.2026
413;818;26.03.2026
414;822;19.01.2026
415;822;19.01.2026
416;822;23.01.2026
417;822;28.01.2026
418;822;03.02.2026
419;822;13.02.2026
420;822;20.02.2026
421;822;27.02.2026
422;822;27.02.2026
423;822;09.03.2026
424;822;09.03.2026
425;822;17.03.2026
426;822;25.03.2026
427;822;27.03.2026
428;851;05.02.2026
429;851;05.02.2026
430;851;05.02.2026
431;851;05.02.2026
432;851;17.02.2026
433;851;17.02.2026
434;851;20.02.2026
435;851;20.02.2026
436;851;26.02.2026
437;851;27.02.2026
438;851;12.03.2026
439;851;12.03.2026
440;851;31.03.2026
441;851;31.03.2026
442;917;28.01.2026
443;956;07.01.2026
444;956;11.02.2026
445;10383;09.01.2026
446;1009;14.01.2026
447;1009;28.01.2026
448;1009;28.01.2026
449;1009;28.01.2026
450;1009;28.01.2026
451;1009;06.03.2026
452;1009;12.03.2026
453;1009;17.03.2026
454;1009;19.03.2026
455;1009;27.03.2026
456;1016;06.01.2026
457;1016;22.01.2026
458;1016;22.01.2026
459;1021;04.02.2026
460;1026;16.01.2026
461;1026;19.01.2026
462;1026;21.01.2026
463;1026;27.01.2026
464;1026;12.02.2026
465;1026;12.02.2026
466;1026;12.02.2026
467;1026;12.02.2026
468;1026;13.02.2026
469;1026;11.03.2026
470;7473;06.01.2026
471;7473;06.01.2026
472;7473;30.01.2026
473;7473;24.02.2026
474;7473;13.03.2026
475;10273;09.02.2026
476;10273;18.02.2026
477;10273;13.03.2026
478;1143;23.01.2026
479;1143;05.02.2026
480;1143;09.02.2026
481;1153;06.03.2026
482;1156;16.01.2026
483;1160;07.01.2026
484;1160;07.01.2026
485;1160;07.01.2026
486;1160;14.01.2026
487;1160;19.01.2026
488;1160;22.01.2026
489;1160;22.01.2026
490;1160;26.01.2026
491;1160;12.02.2026
492;1160;25.02.2026
493;1160;03.03.2026
494;1160;03.03.2026
495;1160;03.03.2026
496;1160;03.03.2026
497;1160;19.03.2026
498;1160;30.03.2026
499;1160;31.03.2026
500;1160;31.03.2026
501;1161;14.01.2026
502;1161;21.01.2026
503;1161;22.01.2026
504;1161;02.02.2026
505;1161;05.02.2026
506;1161;11.02.2026
507;1161;13.02.2026
508;1161;05.03.2026
509;1161;10.03.2026
510;1161;10.03.2026
511;1161;11.03.2026
512;1161;12.03.2026
513;1161;13.03.2026
514;1161;24.03.2026
515;9975;15.01.2026
516;9975;19.01.2026
517;9975;24.02.2026
518;9975;10.03.2026
519;9975;10.03.2026
520;1164;05.01.2026
521;1164;05.01.2026
522;1164;06.01.2026
523;1164;06.01.2026
524;1164;16.01.2026
525;1164;22.01.2026
526;1164;23.01.2026
527;1164;11.02.2026
528;1164;16.02.2026
529;1164;12.03.2026
530;1164;17.03.2026
531;1164;25.03.2026
532;11847;05.01.2026
533;11847;07.01.2026
534;11847;16.01.2026
535;11847;21.01.2026
536;11847;21.01.2026
537;11847;21.01.2026
538;11847;22.01.2026
539;11847;28.01.2026
540;11847;30.01.2026
541;11847;30.01.2026
542;11847;06.02.2026
543;11847;09.02.2026
544;11847;11.02.2026
545;11847;11.02.2026
546;11847;12.02.2026
547;11847;13.02.2026
548;11847;13.02.2026
549;11847;16.02.2026
550;11847;16.02.2026
551;11847;19.02.2026
552;11847;27.02.2026
553;11847;27.02.2026
554;11847;27.02.2026
555;11847;27.02.2026
556;11847;27.02.2026
557;11847;03.03.2026
558;11847;06.03.2026
559;11847;10.03.2026
560;11847;12.03.2026
561;11847;20.03.2026
562;11847;27.03.2026
563;1211;31.01.2026
564;1211;28.02.2026
565;1211;31.03.2026
566;1224;16.01.2026
567;1224;10.02.2026
568;1224;16.02.2026
569;1224;16.02.2026
570;1224;20.02.2026
571;1224;24.02.2026
572;1224;04.03.2026
573;1224;26.03.2026
574;1224;30.03.2026
575;11509;12.01.2026
576;11509;20.01.2026
577;11509;13.02.2026
578;11509;13.02.2026
579;11509;16.02.2026
580;11509;26.02.2026
581;11509;03.03.2026
582;11509;23.03.2026
583;11509;26.03.2026
584;11509;26.03.2026
585;12714;12.03.2026
586;1282;22.01.2026
587;1282;19.02.2026
588;1282;24.02.2026
589;1282;01.04.2026
590;1310;15.01.2026
591;1310;28.01.2026
592;1310;10.02.2026
593;1310;19.02.2026
594;1310;19.02.2026
595;1310;24.03.2026
596;1310;24.03.2026
597;1329;30.01.2026
598;1329;20.02.2026
599;1329;24.02.2026
600;1329;18.03.2026
601;1329;31.03.2026
602;1365;09.01.2026
603;1365;14.01.2026
604;1365;03.03.2026
605;1365;03.03.2026
606;1365;03.03.2026
607;11132;20.02.2026
608;10161;19.03.2026
609;1405;02.02.2026
610;1405;24.02.2026
611;1405;11.03.2026
612;1405;20.03.2026
613;10287;31.03.2026
614;12351;09.01.2026
615;10029;12.01.2026
616;10029;13.01.2026
617;10029;16.03.2026
618;10029;16.03.2026
619;1360;26.01.2026
620;1360;26.01.2026
621;1360;17.02.2026
622;1360;02.03.2026
623;1360;04.03.2026
624;1516;16.02.2026
625;1516;19.02.2026
626;1516;24.03.2026
627;1516;24.03.2026
628;1523;19.03.2026
629;1549;17.02.2026
630;1549;17.02.2026
631;1549;17.02.2026
632;1549;02.03.2026
633;1549;02.03.2026
634;1549;02.03.2026
635;12128;30.01.2026
636;12128;03.03.2026
637;9926;29.01.2026
638;9926;11.03.2026
639;1676;16.01.2026
640;1676;16.01.2026
641;1676;02.03.2026
642;1754;23.01.2026
643;11171;09.01.2026
644;11171;14.01.2026
645;11171;16.01.2026
646;11171;19.01.2026
647;11171;22.01.2026
648;11171;23.01.2026
649;11171;27.01.2026
650;11171;27.01.2026
651;11171;25.02.2026
652;11171;17.03.2026
653;11171;18.03.2026
654;11171;20.03.2026
655;11171;20.03.2026
656;12561;09.01.2026
657;12262;19.03.2026
658;12294;19.03.2026
659;1745;20.01.2026
660;1745;26.01.2026
661;1745;23.03.2026
662;1745;27.03.2026
663;1767;04.03.2026
664;1785;31.01.2026
665;1785;31.01.2026
666;1785;28.02.2026
667;1785;28.02.2026
668;1785;31.03.2026
669;1785;31.03.2026
670;10105;10.02.2026
671;10105;12.02.2026
672;10105;18.02.2026
673;10105;03.03.2026
674;10105;17.03.2026
675;10105;01.04.2026
676;10105;01.04.2026
677;10105;01.04.2026
678;1843;06.02.2026
679;1843;30.03.2026
680;1847;31.01.2026
681;1847;28.02.2026
682;1847;31.03.2026
683;1863;12.01.2026
684;1863;13.01.2026
685;1863;19.01.2026
686;1863;10.02.2026
687;1863;11.02.2026
688;1863;11.03.2026
689;1863;11.03.2026
690;1863;11.03.2026
691;1863;11.03.2026
692;1863;13.03.2026
693;1863;20.03.2026
694;9962;06.01.2026
695;11723;05.01.2026
696;11723;13.01.2026
697;11723;19.01.2026
698;11723;27.01.2026
699;11723;06.02.2026
700;11723;06.02.2026
701;11723;03.03.2026
702;11723;20.03.2026
703;11723;20.03.2026
704;12731;25.03.2026
705;1957;03.03.2026
706;11913;24.02.2026
707;1970;09.01.2026
708;1970;02.02.2026
709;1970;02.03.2026
710;1970;27.03.2026
711;1980;12.01.2026
712;1980;11.03.2026
713;1980;11.03.2026
714;11205;11.02.2026
715;11205;11.02.2026
716;11205;11.02.2026
717;11205;10.03.2026
718;11205;25.03.2026
719;11205;25.03.2026
720;10308;21.01.2026
721;2009;13.01.2026
722;2009;13.01.2026
723;2016;16.03.2026
724;12312;30.03.2026
725;2085;17.02.2026
726;2085;19.02.2026
727;2085;20.02.2026
728;2085;02.03.2026
729;2085;13.03.2026
730;2085;23.03.2026
731;2085;26.03.2026
732;2085;26.03.2026
733;2100;09.03.2026
734;2100;24.03.2026
735;2102;09.01.2026
736;2102;21.01.2026
737;2106;02.03.2026
738;2095;05.03.2026
739;2095;05.03.2026
740;2293;02.03.2026
741;2133;30.01.2026
742;2146;09.01.2026
743;2146;21.01.2026
744;2146;29.01.2026
745;2146;29.01.2026
746;2146;11.02.2026
747;2146;13.02.2026
748;2146;13.02.2026
749;2146;18.02.2026
750;2146;24.02.2026
751;2146;26.02.2026
752;2146;26.02.2026
753;2146;09.03.2026
754;2146;09.03.2026
755;2146;12.03.2026
756;2146;23.03.2026
757;2146;27.03.2026
758;11244;13.03.2026
759;2221;18.02.2026
760;2220;04.02.2026
761;2237;21.01.2026
762;2237;04.02.2026
763;2237;06.02.2026
764;2237;06.02.2026
765;2237;10.02.2026
766;2237;23.02.2026
767;2237;04.03.2026
768;2237;06.03.2026
769;2242;14.01.2026
770;2267;06.01.2026
771;2267;20.01.2026
772;2267;20.01.2026
773;2267;21.01.2026
774;2267;22.01.2026
775;2267;05.02.2026
776;2267;05.02.2026
777;2267;05.02.2026
778;2267;05.02.2026
779;2267;19.02.2026
780;2267;26.02.2026
781;2267;26.02.2026
782;2267;10.03.2026
783;2267;26.03.2026
784;2267;01.04.2026
785;2267;01.04.2026
786;2303;20.02.2026
787;2346;17.03.2026
788;2384;09.01.2026
789;3575;27.01.2026
790;3575;10.02.2026
791;10074;24.02.2026
792;2396;14.01.2026
793;2396;14.01.2026
794;2396;14.01.2026
795;2396;14.01.2026
796;2396;20.02.2026
797;2396;24.02.2026
798;2396;25.02.2026
799;2396;02.03.2026
800;2396;04.03.2026
801;2396;09.03.2026
802;2396;09.03.2026
803;2396;09.03.2026
804;2396;13.03.2026
805;2396;16.03.2026
806;2396;26.03.2026
807;2396;26.03.2026
808;2396;30.03.2026
809;2396;30.03.2026
810;2409;27.02.2026
811;2426;14.01.2026
812;2426;23.01.2026
813;2426;26.01.2026
814;2426;12.02.2026
815;2426;13.02.2026
816;2426;13.02.2026
817;2426;13.02.2026
818;2426;05.03.2026
819;2426;06.03.2026
820;2426;23.03.2026
821;10242;12.03.2026
822;11450;13.01.2026
823;11450;27.02.2026
824;11450;17.03.2026
825;2548;26.01.2026
826;2548;27.03.2026
827;2548;27.03.2026
828;2550;21.01.2026
829;2550;28.01.2026
830;10200;07.01.2026
831;10200;06.02.2026
832;10200;16.03.2026
833;10200;16.03.2026
834;10200;30.03.2026
835;2585;10.03.2026
836;2585;19.03.2026
837;2585;19.03.2026
838;10391;20.02.2026
839;10391;20.02.2026
840;10391;26.02.2026
841;10391;09.03.2026
842;10391;24.03.2026
843;10391;24.03.2026
844;2624;03.03.2026
845;11854;05.02.2026
846;11854;23.03.2026
847;11854;23.03.2026
848;11533;25.02.2026
849;10144;26.03.2026
850;12027;09.01.2026
851;12027;12.01.2026
852;12027;12.01.2026
853;12027;06.02.2026
854;12027;11.02.2026
855;12027;11.02.2026
856;12027;12.02.2026
857;12027;23.02.2026
858;12027;26.02.2026
859;12027;05.03.2026
860;12027;20.03.2026
861;12027;01.04.2026
862;12609;26.01.2026
863;2657;01.04.2026
864;10318;23.02.2026
865;2677;02.03.2026
866;11868;14.01.2026
867;11868;16.01.2026
868;11868;10.03.2026
869;11868;30.03.2026
870;2692;20.01.2026
871;2692;20.01.2026
872;2692;20.01.2026
873;2692;20.01.2026
874;2692;03.02.2026
875;2692;03.02.2026
876;2692;03.02.2026
877;2692;19.02.2026
878;2692;02.03.2026
879;2692;02.03.2026
880;2692;12.03.2026
881;2692;18.03.2026
882;2692;20.03.2026
883;2698;25.03.2026
884;2705;24.02.2026
885;2719;09.01.2026
886;2719;09.01.2026
887;2719;09.02.2026
888;2719;11.02.2026
889;2719;16.02.2026
890;2719;17.02.2026
891;2719;16.03.2026
892;2719;25.03.2026
893;2719;27.03.2026
894;2736;05.02.2026
895;2736;18.02.2026
896;2668;12.01.2026
897;2668;13.01.2026
898;2668;13.01.2026
899;2668;15.01.2026
900;2668;19.01.2026
901;2668;22.01.2026
902;2668;24.02.2026
903;2668;24.03.2026
904;2812;26.01.2026
905;2812;26.01.2026
906;2812;26.01.2026
907;2812;26.01.2026
908;2812;26.01.2026
909;2812;26.01.2026
910;2812;06.03.2026
911;2812;06.03.2026
912;2812;06.03.2026
913;2812;06.03.2026
914;11973;02.02.2026
915;11973;11.02.2026
916;11973;19.02.2026
917;11973;19.02.2026
918;11973;05.03.2026
919;11973;05.03.2026
920;11973;06.03.2026
921;10256;11.02.2026
922;10256;11.02.2026
923;10256;11.02.2026
924;10256;03.03.2026
925;10256;04.03.2026
926;10256;04.03.2026
927;10256;04.03.2026
928;10256;05.03.2026
929;2843;06.01.2026
930;2861;11.02.2026
931;2928;29.01.2026
932;2928;29.01.2026
933;2939;12.02.2026
934;2939;10.03.2026
935;2950;27.01.2026
936;2950;23.02.2026
937;2950;23.02.2026
938;2950;23.02.2026
939;2995;26.01.2026
940;3027;20.01.2026
941;3029;23.01.2026
942;3029;29.01.2026
943;3030;22.01.2026
944;3030;22.01.2026
945;3030;11.02.2026
946;3030;16.02.2026
947;3030;19.03.2026
948;3030;19.03.2026
949;3030;19.03.2026
950;3033;25.03.2026
951;3036;17.02.2026
952;3036;20.02.2026
953;3036;26.02.2026
954;3042;12.01.2026
955;3042;15.01.2026
956;3042;10.02.2026
957;3042;18.02.2026
958;3042;18.02.2026
959;3042;20.02.2026
960;3042;03.03.2026
961;3042;03.03.2026
962;3042;04.03.2026
963;3042;04.03.2026
964;3042;31.03.2026
965;3042;01.04.2026
966;3067;24.02.2026
967;3082;04.03.2026
968;3109;09.01.2026
969;3109;09.01.2026
970;3109;09.01.2026
971;3109;09.01.2026
972;3109;09.01.2026
973;3109;28.01.2026
974;3109;28.01.2026
975;3109;05.02.2026
976;3109;26.03.2026
977;3109;26.03.2026
978;10154;19.01.2026
979;10154;27.01.2026
980;10154;28.01.2026
981;10154;30.01.2026
982;10154;30.01.2026
983;10154;11.02.2026
984;10154;11.03.2026
985;10154;18.03.2026
986;10154;27.03.2026
987;3159;25.02.2026
988;3159;01.04.2026
989;3178;01.04.2026
990;3181;09.01.2026
991;3181;06.02.2026
992;3181;13.02.2026
993;3181;13.03.2026
994;9845;22.01.2026
995;9845;05.03.2026
996;9845;11.03.2026
997;9845;13.03.2026
998;12659;19.02.2026
999;11496;11.02.2026
1000;11329;23.02.2026
1001;12737;26.03.2026
1002;9879;19.03.2026
1003;9973;24.02.2026
1004;9973;24.02.2026
1005;11381;27.03.2026
1006;12700;09.03.2026
1007;3213;04.03.2026
1008;3213;17.03.2026
1009;3216;28.01.2026
1010;3216;01.04.2026
1011;3216;01.04.2026
1012;3230;09.01.2026
1013;3230;19.01.2026
1014;3230;27.01.2026
1015;3230;28.01.2026
1016;3230;03.02.2026
1017;3230;04.02.2026
1018;3230;09.02.2026
1019;3230;18.02.2026
1020;3230;23.02.2026
1021;3230;13.03.2026
1022;3230;16.03.2026
1023;3230;23.03.2026
1024;3230;24.03.2026
1025;3230;27.03.2026
1026;3230;27.03.2026
1027;3230;27.03.2026
1028;3239;30.03.2026
1029;3264;15.01.2026
1030;3264;20.02.2026
1031;3264;12.03.2026
1032;3264;26.03.2026
1033;3267;07.01.2026
1034;3281;29.01.2026
1035;10388;15.01.2026
1036;10388;11.02.2026
1037;10388;09.03.2026
1038;3348;23.02.2026
1039;3348;23.02.2026
1040;3365;13.01.2026
1041;3365;13.01.2026
1042;3365;09.02.2026
1043;3365;11.02.2026
1044;3365;26.03.2026
1045;3367;25.02.2026
1046;12580;14.01.2026
1047;11557;10.03.2026
1048;10020;18.02.2026
1049;12610;29.01.2026
1050;12508;24.02.2026
1051;12508;04.03.2026
1052;12508;05.03.2026
1053;12508;09.03.2026
1054;12508;10.03.2026
1055;3639;19.02.2026
1056;3639;19.02.2026
1057;3639;25.03.2026
1058;3639;25.03.2026
1059;3639;26.03.2026
1060;3779;29.01.2026
1061;3779;13.02.2026
1062;3779;19.02.2026
1063;3779;12.03.2026
1064;3779;13.03.2026
1065;3779;25.03.2026
1066;3683;23.03.2026
1067;3689;27.03.2026
1068;11144;06.03.2026
1069;3717;18.02.2026
1070;3718;27.03.2026
1071;3798;30.01.2026
1072;3798;26.03.2026
1073;3816;18.02.2026
1074;10234;20.01.2026
1075;10234;22.01.2026
1076;10234;29.01.2026
1077;10234;19.02.2026
1078;10234;02.03.2026
1079;12736;23.03.2026
1080;3826;15.01.2026
1081;3826;16.01.2026
1082;3826;22.01.2026
1083;3826;22.01.2026
1084;3826;26.01.2026
1085;3826;29.01.2026
1086;3826;05.02.2026
1087;3826;06.02.2026
1088;3826;09.02.2026
1089;3826;09.02.2026
1090;3826;16.02.2026
1091;3826;18.02.2026
1092;3826;18.02.2026
1093;3826;20.02.2026
1094;3826;20.02.2026
1095;3826;24.02.2026
1096;3826;24.02.2026
1097;3826;27.02.2026
1098;3826;02.03.2026
1099;3826;03.03.2026
1100;3826;05.03.2026
1101;3826;13.03.2026
1102;3826;16.03.2026
1103;3826;17.03.2026
1104;3826;17.03.2026
1105;3826;18.03.2026
1106;3826;19.03.2026
1107;3826;19.03.2026
1108;3826;20.03.2026
1109;3826;25.03.2026
1110;3826;26.03.2026
1111;3865;06.03.2026
1112;3873;11.03.2026
1113;3873;11.03.2026
1114;3873;20.03.2026
1115;12625;09.02.2026
1116;12355;09.02.2026
1117;12651;17.02.2026
1118;3917;06.01.2026
1119;3917;09.01.2026
1120;3917;09.01.2026
1121;3917;14.01.2026
1122;3917;16.01.2026
1123;3917;22.01.2026
1124;3917;22.01.2026
1125;3917;26.01.2026
1126;3917;26.01.2026
1127;3917;28.01.2026
1128;3917;05.02.2026
1129;3917;11.02.2026
1130;3917;11.02.2026
1131;3917;11.02.2026
1132;3917;16.02.2026
1133;3917;23.02.2026
1134;3917;25.02.2026
1135;3917;03.03.2026
1136;3917;10.03.2026
1137;3917;10.03.2026
1138;3917;17.03.2026
1139;3917;18.03.2026
1140;3917;18.03.2026
1141;3917;18.03.2026
1142;3917;19.03.2026
1143;3917;26.03.2026
1144;3917;27.03.2026
1145;3917;27.03.2026
1146;3917;27.03.2026
1147;3917;01.04.2026
1148;9987;05.01.2026
1149;9987;15.01.2026
1150;9987;15.01.2026
1151;9987;05.02.2026
1152;9987;12.02.2026
1153;9987;19.02.2026
1154;9987;12.03.2026
1155;9987;12.03.2026
1156;3940;06.01.2026
1157;3940;12.01.2026
1158;3940;14.01.2026
1159;3940;20.01.2026
1160;3940;20.01.2026
1161;3940;20.01.2026
1162;3940;02.02.2026
1163;3940;04.02.2026
1164;3940;10.02.2026
1165;3940;12.02.2026
1166;3940;17.02.2026
1167;3940;24.02.2026
1168;3940;24.02.2026
1169;3940;26.02.2026
1170;3940;02.03.2026
1171;3940;03.03.2026
1172;3940;10.03.2026
1173;3940;10.03.2026
1174;3940;25.03.2026
1175;3960;06.01.2026
1176;3960;09.01.2026
1177;3960;21.01.2026
1178;3960;29.01.2026
1179;3960;29.01.2026
1180;3960;02.02.2026
1181;3960;09.02.2026
1182;3960;10.02.2026
1183;3960;20.02.2026
1184;3960;26.02.2026
1185;3960;16.03.2026
1186;3960;17.03.2026
1187;12602;17.02.2026
1188;3979;28.01.2026
1189;3979;06.02.2026
1190;3979;06.02.2026
1191;3979;12.02.2026
1192;3979;24.02.2026
1193;3979;02.03.2026
1194;3979;03.03.2026
1195;3979;05.03.2026
1196;3979;11.03.2026
1197;3979;18.03.2026
1198;3979;20.03.2026
1199;3979;27.03.2026
1200;3979;30.03.2026
1201;3998;21.01.2026
1202;4053;28.01.2026
1203;4057;16.02.2026
1204;4066;07.01.2026
1205;4066;09.01.2026
1206;4066;09.01.2026
1207;4066;09.01.2026
1208;4066;16.02.2026
1209;4066;23.02.2026
1210;4066;23.02.2026
1211;4077;30.01.2026
1212;4077;30.01.2026
1213;4077;11.02.2026
1214;4077;18.02.2026
1215;4077;26.02.2026
1216;4077;05.03.2026
1217;4077;05.03.2026
1218;4085;03.02.2026
1219;4085;19.03.2026
1220;4085;26.03.2026
1221;11085;31.01.2026
1222;11085;28.02.2026
1223;11085;31.03.2026
1224;12577;19.01.2026
1225;12577;13.02.2026
1226;12577;01.04.2026
1227;4196;30.03.2026
1228;4255;24.02.2026
1229;11343;04.03.2026
1230;4268;14.01.2026
1231;4268;10.02.2026
1232;4268;13.02.2026
1233;4268;17.02.2026
1234;4268;18.02.2026
1235;4268;19.02.2026
1236;4268;05.03.2026
1237;4268;12.03.2026
1238;4268;18.03.2026
1239;11280;07.01.2026
1240;11280;16.01.2026
1241;11280;27.01.2026
1242;11280;03.02.2026
1243;11280;03.02.2026
1244;11280;03.02.2026
1245;11280;13.02.2026
1246;11280;26.02.2026
1247;4302;10.02.2026
1248;12603;20.02.2026
1249;12603;20.02.2026
1250;4421;05.02.2026
1251;4421;16.03.2026
1252;12512;07.01.2026
1253;12512;16.03.2026
1254;12334;06.02.2026
1255;12334;13.02.2026
1256;11481;06.01.2026
1257;9979;30.01.2026
1258;9979;30.01.2026
1259;9979;24.02.2026
1260;9979;25.02.2026
1261;9979;04.03.2026
1262;9979;16.03.2026
1263;9826;07.01.2026
1264;9826;18.02.2026
1265;9826;23.02.2026
1266;9826;16.03.2026
1267;9826;23.03.2026
1268;12419;06.01.2026
1269;12419;24.02.2026
1270;12419;25.02.2026
1271;12419;05.03.2026
1272;12419;06.03.2026
1273;12419;19.03.2026
1274;12419;25.03.2026
1275;12419;27.03.2026
1276;12419;31.03.2026
1277;4453;23.02.2026
1278;4462;09.01.2026
1279;4462;03.03.2026
1280;4462;03.03.2026
1281;4462;18.03.2026
1282;4471;05.01.2026
1283;4471;06.01.2026
1284;4471;14.01.2026
1285;4471;19.01.2026
1286;4471;21.01.2026
1287;4471;28.01.2026
1288;4471;05.02.2026
1289;4471;12.02.2026
1290;4471;03.03.2026
1291;4471;25.03.2026
1292;4471;27.03.2026
1293;4471;01.04.2026
1294;4478;26.03.2026
1295;4500;26.02.2026
1296;4500;27.02.2026
1297;4501;06.01.2026
1298;4501;06.01.2026
1299;4501;14.01.2026
1300;4501;16.01.2026
1301;4501;20.01.2026
1302;4501;22.01.2026
1303;4501;22.01.2026
1304;4501;22.01.2026
1305;4501;26.01.2026
1306;4501;28.01.2026
1307;4501;02.02.2026
1308;4501;09.02.2026
1309;4501;09.02.2026
1310;4501;10.02.2026
1311;4501;17.02.2026
1312;4501;18.02.2026
1313;4501;18.02.2026
1314;4501;24.02.2026
1315;4501;24.02.2026
1316;4501;24.02.2026
1317;4501;24.02.2026
1318;4501;24.02.2026
1319;4501;25.02.2026
1320;4501;03.03.2026
1321;4501;11.03.2026
1322;4501;11.03.2026
1323;4501;13.03.2026
1324;4501;13.03.2026
1325;4501;17.03.2026
1326;4501;17.03.2026
1327;4501;17.03.2026
1328;4501;18.03.2026
1329;4501;18.03.2026
1330;4501;18.03.2026
1331;4501;18.03.2026
1332;4501;23.03.2026
1333;4501;25.03.2026
1334;4501;30.03.2026
1335;4507;24.02.2026
1336;4520;15.01.2026
1337;4520;15.01.2026
1338;4520;24.02.2026
1339;4520;05.03.2026
1340;4520;05.03.2026
1341;4520;05.03.2026
1342;4520;01.04.2026
1343;4615;04.02.2026
1344;4510;19.02.2026
1345;4510;06.03.2026
1346;4574;30.01.2026
1347;4574;30.01.2026
1348;4574;19.02.2026
1349;4651;02.03.2026
1350;4651;04.03.2026
1351;4658;06.01.2026
1352;4658;15.01.2026
1353;4658;20.01.2026
1354;4658;21.01.2026
1355;4658;26.01.2026
1356;4658;29.01.2026
1357;4658;29.01.2026
1358;4658;02.02.2026
1359;4658;11.02.2026
1360;4658;13.02.2026
1361;4658;17.02.2026
1362;4658;20.02.2026
1363;4658;24.02.2026
1364;4658;18.03.2026
1365;4658;26.03.2026
1366;4658;31.03.2026
1367;10320;30.01.2026
1368;12186;26.01.2026
1369;12186;28.01.2026
1370;12186;02.03.2026
1371;12186;10.03.2026
1372;12186;24.03.2026
1373;12186;27.03.2026
1374;12185;28.01.2026
1375;12185;28.01.2026
1376;12315;06.01.2026
1377;12315;23.01.2026
1378;12400;09.01.2026
1379;12400;05.02.2026
1380;12400;25.02.2026
1381;4694;07.01.2026
1382;4694;07.01.2026
1383;4694;21.01.2026
1384;9976;21.01.2026
1385;11979;15.01.2026
1386;11979;16.01.2026
1387;11979;19.01.2026
1388;11979;10.02.2026
1389;11979;25.02.2026
1390;11979;17.03.2026
1391;11979;17.03.2026
1392;11979;26.03.2026
1393;11979;26.03.2026
1394;11979;27.03.2026
1395;11979;31.03.2026
1396;11979;31.03.2026
1397;4734;05.01.2026
1398;4734;13.01.2026
1399;4734;18.02.2026
1400;4734;18.02.2026
1401;4734;26.03.2026
1402;4742;27.03.2026
1403;4747;05.01.2026
1404;4747;20.01.2026
1405;4747;26.01.2026
1406;4747;26.01.2026
1407;4747;24.02.2026
1408;4747;05.03.2026
1409;4747;13.03.2026
1410;9985;04.02.2026
1411;4775;29.01.2026
1412;4775;05.03.2026
1413;4775;27.03.2026
1414;4789;18.02.2026
1415;4789;18.02.2026
1416;4820;13.01.2026
1417;4820;19.02.2026
1418;4820;20.02.2026
1419;4820;03.03.2026
1420;4820;09.03.2026
1421;4820;26.03.2026
1422;4820;26.03.2026
1423;4820;26.03.2026
1424;10108;27.03.2026
1425;10108;27.03.2026
1426;11516;12.02.2026
1427;11516;12.02.2026
1428;11541;12.01.2026
1429;11541;28.01.2026
1430;11541;12.02.2026
1431;11541;05.03.2026
1432;4924;12.02.2026
1433;4924;27.02.2026
1434;4924;24.03.2026
1435;12630;12.02.2026
1436;4943;09.02.2026
1437;4943;09.02.2026
1438;11517;06.01.2026
1439;11517;19.02.2026
1440;4968;28.01.2026
1441;4968;29.01.2026
1442;4968;06.03.2026
1443;4968;13.03.2026
1444;4968;25.03.2026
1445;4968;27.03.2026
1446;4976;09.01.2026
1447;12592;21.01.2026
1448;12592;18.02.2026
1449;5032;16.01.2026
1450;5052;15.01.2026
1451;5055;15.01.2026
1452;5055;15.01.2026
1453;5055;15.01.2026
1454;5055;15.01.2026
1455;5055;16.01.2026
1456;5055;03.02.2026
1457;5055;03.02.2026
1458;5055;03.02.2026
1459;5055;11.03.2026
1460;5055;11.03.2026
1461;5055;12.03.2026
1462;5055;24.03.2026
1463;5055;24.03.2026
1464;5055;25.03.2026
1465;9769;29.01.2026
1466;5105;19.01.2026
1467;5105;19.01.2026
1468;5105;23.01.2026
1469;5105;02.03.2026
1470;5122;09.01.2026
1471;5122;09.01.2026
1472;5122;13.01.2026
1473;5122;13.01.2026
1474;5122;29.01.2026
1475;5122;04.02.2026
1476;5122;13.02.2026
1477;5122;16.02.2026
1478;5122;17.02.2026
1479;5122;20.02.2026
1480;5122;20.02.2026
1481;5122;02.03.2026
1482;5122;02.03.2026
1483;5122;02.03.2026
1484;5122;06.03.2026
1485;5122;06.03.2026
1486;5122;17.03.2026
1487;5135;15.01.2026
1488;5135;15.01.2026
1489;5135;17.02.2026
1490;5135;17.02.2026
1491;5135;12.03.2026
1492;5153;26.03.2026
1493;5153;26.03.2026
1494;10306;05.02.2026
1495;10306;16.03.2026
1496;10306;16.03.2026
1497;5161;18.02.2026
1498;12658;26.02.2026
1499;5164;07.01.2026
1500;5164;16.01.2026
1501;5164;20.02.2026
1502;5164;27.02.2026
1503;5164;02.03.2026
1504;5164;20.03.2026
1505;5164;23.03.2026
1506;5164;23.03.2026
1507;5164;23.03.2026
1508;5164;31.03.2026
1509;5164;31.03.2026
1510;10042;25.03.2026
1511;11791;16.01.2026
1512;5190;22.01.2026
1513;5232;01.04.2026
1514;11230;02.02.2026
1515;11230;03.02.2026
1516;11230;03.02.2026
1517;5280;05.03.2026
1518;11953;17.02.2026
1519;11953;19.03.2026
1520;12564;09.01.2026
1521;5328;06.01.2026
1522;5328;10.03.2026
1523;5328;19.03.2026
1524;5347;23.01.2026
1525;5347;13.02.2026
1526;5347;23.02.2026
1527;5347;20.03.2026
1528;5347;25.03.2026
1529;5347;25.03.2026
1530;5349;25.03.2026
1531;12427;10.02.2026
1532;12427;25.03.2026
1533;12427;25.03.2026
1534;12427;25.03.2026
1535;12427;01.04.2026
1536;5420;29.01.2026
1537;5420;30.03.2026
1538;12694;10.03.2026
1539;12694;10.03.2026
1540;5438;07.01.2026
1541;5438;09.01.2026
1542;5438;14.01.2026
1543;5438;14.01.2026
1544;5438;14.01.2026
1545;5438;23.01.2026
1546;5438;23.01.2026
1547;5438;28.01.2026
1548;5438;05.02.2026
1549;5438;05.02.2026
1550;5438;24.02.2026
1551;5438;05.03.2026
1552;5438;24.03.2026
1553;5438;31.03.2026
1554;12589;28.01.2026
1555;5441;20.01.2026
1556;5441;20.01.2026
1557;5448;09.01.2026
1558;5448;09.01.2026
1559;12175;30.01.2026
1560;12026;13.02.2026
1561;12026;13.02.2026
1562;5499;16.02.2026
1563;5499;26.03.2026
1564;5499;26.03.2026
1565;5504;22.01.2026
1566;5504;04.02.2026
1567;5504;04.02.2026
1568;5504;04.03.2026
1569;5504;04.03.2026
1570;5504;11.03.2026
1571;5504;27.03.2026
1572;5504;27.03.2026
1573;5504;01.04.2026
1574;5517;18.03.2026
1575;5554;06.01.2026
1576;5554;07.01.2026
1577;5554;13.01.2026
1578;5554;22.01.2026
1579;5554;03.02.2026
1580;5554;05.02.2026
1581;5554;09.02.2026
1582;5554;09.02.2026
1583;5554;12.02.2026
1584;5554;16.02.2026
1585;5554;26.02.2026
1586;5554;26.02.2026
1587;5554;03.03.2026
1588;5554;04.03.2026
1589;5554;09.03.2026
1590;5554;10.03.2026
1591;5554;10.03.2026
1592;5554;24.03.2026
1593;5554;24.03.2026
1594;5554;26.03.2026
1595;5554;26.03.2026
1596;5554;27.03.2026
1597;5554;30.03.2026
1598;5558;18.02.2026
1599;5558;10.03.2026
1600;5558;31.03.2026
1601;5558;31.03.2026
1602;11871;19.01.2026
1603;11871;26.01.2026
1604;5578;12.02.2026
1605;5578;03.03.2026
1606;11591;07.01.2026
1607;11591;09.01.2026
1608;11591;13.01.2026
1609;11591;15.01.2026
1610;11591;16.01.2026
1611;11591;19.01.2026
1612;11591;29.01.2026
1613;11591;04.02.2026
1614;11591;05.02.2026
1615;11591;09.02.2026
1616;11591;09.02.2026
1617;11591;11.02.2026
1618;11591;17.02.2026
1619;11591;19.02.2026
1620;11591;19.02.2026
1621;11591;26.02.2026
1622;11591;02.03.2026
1623;11591;09.03.2026
1624;11591;13.03.2026
1625;11591;17.03.2026
1626;11591;18.03.2026
1627;11591;25.03.2026
1628;11591;26.03.2026
1629;11591;26.03.2026
1630;11591;30.03.2026
1631;11591;30.03.2026
1632;5589;09.01.2026
1633;5589;09.01.2026
1634;5589;12.01.2026
1635;5589;15.01.2026
1636;5589;15.01.2026
1637;5589;15.01.2026
1638;5589;16.01.2026
1639;5589;20.01.2026
1640;5589;22.01.2026
1641;5589;22.01.2026
1642;5589;22.01.2026
1643;5589;22.01.2026
1644;5589;23.01.2026
1645;5589;23.01.2026
1646;5589;23.01.2026
1647;5589;30.01.2026
1648;5589;06.02.2026
1649;5589;12.02.2026
1650;5589;12.02.2026
1651;5589;12.02.2026
1652;5589;12.02.2026
1653;5589;16.02.2026
1654;5589;17.02.2026
1655;5589;17.02.2026
1656;5589;18.02.2026
1657;5589;18.02.2026
1658;5589;18.02.2026
1659;5589;24.02.2026
1660;5589;05.03.2026
1661;5589;05.03.2026
1662;5589;05.03.2026
1663;5589;09.03.2026
1664;10415;16.01.2026
1665;10415;29.01.2026
1666;10415;30.01.2026
1667;10415;12.02.2026
1668;10415;12.02.2026
1669;10415;12.02.2026
1670;10415;12.02.2026
1671;10415;20.03.2026
1672;10415;23.03.2026
1673;12608;23.01.2026
1674;5633;03.02.2026
1675;5633;20.03.2026
1676;9631;28.01.2026
1677;9631;27.03.2026
1678;12636;11.02.2026
1679;5711;16.01.2026
1680;5711;16.01.2026
1681;5711;05.02.2026
1682;5711;11.02.2026
1683;5711;11.02.2026
1684;5711;25.02.2026
1685;5711;25.02.2026
1686;5711;26.02.2026
1687;5711;17.03.2026
1688;5711;26.03.2026
1689;5711;26.03.2026
1690;5753;24.02.2026
1691;11282;05.01.2026
1692;11282;06.01.2026
1693;11282;06.01.2026
1694;11282;06.01.2026
1695;11282;06.01.2026
1696;11282;06.01.2026
1697;11282;06.01.2026
1698;11282;08.01.2026
1699;11282;12.01.2026
1700;11282;12.01.2026
1701;11282;13.01.2026
1702;11282;13.01.2026
1703;11282;13.01.2026
1704;11282;14.01.2026
1705;11282;14.01.2026
1706;11282;15.01.2026
1707;11282;19.01.2026
1708;11282;19.01.2026
1709;11282;21.01.2026
1710;11282;26.01.2026
1711;11282;26.01.2026
1712;11282;26.01.2026
1713;11282;27.01.2026
1714;11282;27.01.2026
1715;11282;30.01.2026
1716;11282;02.02.2026
1717;11282;02.02.2026
1718;11282;04.02.2026
1719;11282;06.02.2026
1720;11282;06.02.2026
1721;11282;09.02.2026
1722;11282;11.02.2026
1723;11282;12.02.2026
1724;11282;12.02.2026
1725;11282;13.02.2026
1726;11282;13.02.2026
1727;11282;16.02.2026
1728;11282;19.02.2026
1729;11282;20.02.2026
1730;11282;25.02.2026
1731;11282;25.02.2026
1732;11282;26.02.2026
1733;11282;26.02.2026
1734;11282;27.02.2026
1735;11282;27.02.2026
1736;11282;27.02.2026
1737;11282;27.02.2026
1738;11282;27.02.2026
1739;11282;03.03.2026
1740;11282;04.03.2026
1741;11282;04.03.2026
1742;11282;04.03.2026
1743;11282;06.03.2026
1744;11282;06.03.2026
1745;11282;10.03.2026
1746;11282;11.03.2026
1747;11282;12.03.2026
1748;11282;13.03.2026
1749;11282;17.03.2026
1750;11282;17.03.2026
1751;11282;18.03.2026
1752;11282;18.03.2026
1753;11282;18.03.2026
1754;11282;19.03.2026
1755;11282;20.03.2026
1756;11282;23.03.2026
1757;11282;23.03.2026
1758;11282;24.03.2026
1759;11282;25.03.2026
1760;11282;26.03.2026
1761;11282;26.03.2026
1762;11282;26.03.2026
1763;11282;26.03.2026
1764;11282;26.03.2026
1765;11282;26.03.2026
1766;11282;26.03.2026
1767;11282;26.03.2026
1768;11282;27.03.2026
1769;11282;30.03.2026
1770;11282;31.03.2026
1771;11282;01.04.2026
1772;11282;01.04.2026
1773;5825;26.02.2026
1774;5825;26.02.2026
1775;5825;27.03.2026
1776;5827;05.01.2026
1777;5827;16.02.2026
1778;5827;18.02.2026
1779;5827;20.03.2026
1780;5893;15.01.2026
1781;5893;28.01.2026
1782;5893;04.03.2026
1783;5893;04.03.2026
1784;5903;28.01.2026
1785;5903;18.02.2026
1786;5903;26.03.2026
1787;5906;26.02.2026
1788;12448;06.02.2026
1789;6038;16.01.2026
1790;6038;21.01.2026
1791;6038;25.02.2026
1792;6038;05.03.2026
1793;6038;13.03.2026
1794;5944;20.02.2026
1795;5945;05.03.2026
1796;5986;13.01.2026
1797;5986;16.01.2026
1798;5986;27.01.2026
1799;5986;27.01.2026
1800;5990;14.01.2026
1801;5990;14.01.2026
1802;5990;28.01.2026
1803;5990;11.02.2026
1804;5990;12.03.2026
1805;5990;24.03.2026
1806;5990;25.03.2026
1807;6007;13.02.2026
1808;6007;13.02.2026
1809;6034;12.03.2026
1810;12559;07.01.2026
1811;12559;09.03.2026
1812;12559;26.03.2026
1813;9917;06.02.2026
1814;9917;16.03.2026
1815;11232;09.01.2026
1816;6157;11.02.2026
1817;6157;24.02.2026
1818;6157;09.03.2026
1819;6157;09.03.2026
1820;6157;09.03.2026
1821;6157;31.03.2026
1822;12552;12.01.2026
1823;12552;14.01.2026
1824;12552;15.01.2026
1825;12552;23.01.2026
1826;12552;03.02.2026
1827;12552;16.02.2026
1828;12552;18.02.2026
1829;12552;06.03.2026
1830;12552;11.03.2026
1831;12552;12.03.2026
1832;6189;23.02.2026
1833;10277;16.02.2026
1834;10277;17.02.2026
1835;6198;25.03.2026
1836;6208;16.02.2026
1837;6208;25.02.2026
1838;6298;15.01.2026
1839;6298;29.01.2026
1840;6298;29.01.2026
1841;10116;13.01.2026
1842;10116;14.01.2026
1843;10116;20.03.2026
1844;10116;20.03.2026
1845;6328;29.01.2026
1846;6328;30.01.2026
1847;6328;30.01.2026
1848;6328;23.02.2026
1849;6328;23.02.2026
1850;6328;23.02.2026
1851;6328;18.03.2026
1852;6328;18.03.2026
1853;6328;18.03.2026
1854;6328;30.03.2026
1855;6352;26.01.2026
1856;6352;05.03.2026
1857;6369;14.01.2026
1858;6369;20.03.2026
1859;6369;20.03.2026
1860;6371;16.01.2026
1861;6371;16.01.2026
1862;6371;06.02.2026
1863;6371;20.02.2026
1864;6371;18.03.2026
1865;6371;18.03.2026
1866;6371;24.03.2026
1867;6371;24.03.2026
1868;6371;25.03.2026
1869;12542;05.01.2026
1870;12578;12.02.2026
1871;12578;30.03.2026
1872;12578;01.04.2026
1873;6389;17.02.2026
1874;6391;31.01.2026
1875;6391;28.02.2026
1876;6391;31.03.2026
1877;9793;13.01.2026
1878;9793;15.01.2026
1879;6417;31.03.2026
1880;6418;08.01.2026
1881;6443;11.02.2026
1882;6443;09.03.2026
1883;6445;07.01.2026
1884;6445;09.01.2026
1885;6445;20.01.2026
1886;6445;03.02.2026
1887;6445;13.02.2026
1888;6445;26.02.2026
1889;6455;13.02.2026
1890;6455;13.02.2026
1891;6455;13.02.2026
1892;6455;11.03.2026
1893;6455;11.03.2026
1894;6455;01.04.2026
1895;6455;01.04.2026
1896;6455;01.04.2026
1897;6496;31.01.2026
1898;6496;28.02.2026
1899;6496;31.03.2026
1900;6571;23.01.2026
1901;6583;10.02.2026
1902;6583;18.03.2026
1903;6602;13.01.2026
1904;6602;14.01.2026
1905;9651;19.01.2026
1906;9651;04.03.2026
1907;9651;04.03.2026
1908;9651;17.03.2026
1909;12565;13.01.2026
1910;6689;12.02.2026
1911;6703;26.03.2026
1912;6727;01.04.2026
1913;6736;16.03.2026
1914;6793;30.01.2026
1915;6793;20.02.2026
1916;6793;25.02.2026
1917;6793;25.02.2026
1918;6793;16.03.2026
1919;6793;25.03.2026
1920;6793;27.03.2026
1921;11386;13.01.2026
1922;11386;20.01.2026
1923;11386;12.02.2026
1924;11386;23.02.2026
1925;12450;09.03.2026
1926;12450;09.03.2026
1927;12450;31.03.2026
1928;10168;20.01.2026
1929;10168;01.04.2026
1930;6842;12.01.2026
1931;6842;05.02.2026
1932;6842;05.02.2026
1933;12405;14.01.2026
1934;6943;03.02.2026
1935;6943;02.03.2026
1936;6951;05.01.2026
1937;6951;27.01.2026
1938;6951;04.02.2026
1939;6951;04.02.2026
1940;6951;06.02.2026
1941;6951;17.02.2026
1942;6951;23.02.2026
1943;6951;23.02.2026
1944;6951;02.03.2026
1945;6951;13.03.2026
1946;6951;13.03.2026
1947;6951;16.03.2026
1948;6951;16.03.2026
1949;6951;16.03.2026
1950;6951;25.03.2026
1951;6989;18.03.2026
1952;7004;13.01.2026
1953;7004;23.02.2026
1954;7004;23.02.2026
1955;7004;26.02.2026
1956;7015;13.01.2026
1957;7015;16.01.2026
1958;7015;21.01.2026
1959;7015;30.01.2026
1960;7015;04.03.2026
1961;7015;05.03.2026
1962;7015;13.03.2026
1963;7015;13.03.2026
1964;7015;23.03.2026
1965;7015;25.03.2026
1966;7015;26.03.2026
1967;7015;26.03.2026
1968;7015;27.03.2026
1969;7015;27.03.2026
1970;7015;31.03.2026
1971;7015;31.03.2026
1972;7045;21.01.2026
1973;7045;21.01.2026
1974;7045;27.01.2026
1975;7045;09.02.2026
1976;7045;11.03.2026
1977;7045;11.03.2026
1978;10003;09.02.2026
1979;10003;09.02.2026
1980;10003;09.02.2026
1981;10003;09.02.2026
1982;10003;09.02.2026
1983;10003;09.02.2026
1984;10003;13.02.2026
1985;10003;13.02.2026
1986;10003;13.02.2026
1987;10003;04.03.2026
1988;10003;04.03.2026
1989;10003;04.03.2026
1990;10003;04.03.2026
1991;10003;18.03.2026
1992;10003;18.03.2026
1993;10003;18.03.2026
1994;10003;30.03.2026
1995;10003;30.03.2026
1996;7050;12.03.2026
1997;7097;06.01.2026
1998;7097;14.01.2026
1999;7097;21.01.2026
2000;7097;21.01.2026
2001;7097;23.01.2026
2002;7097;03.03.2026
2003;7097;09.03.2026
2004;7097;19.03.2026
2005;7097;23.03.2026
2006;11425;20.02.2026
2007;7128;09.02.2026
2008;7128;19.03.2026
2009;7128;19.03.2026
2010;7130;29.01.2026
2011;7130;06.02.2026
2012;7130;06.02.2026
2013;7130;06.02.2026
2014;7131;07.01.2026
2015;7131;16.01.2026
2016;7131;16.01.2026
2017;7131;23.01.2026
2018;7131;23.01.2026
2019;7131;11.03.2026
2020;7131;18.03.2026
2021;7131;18.03.2026
2022;7135;14.01.2026
2023;12649;11.03.2026
2024;9839;27.02.2026
2025;9839;04.03.2026
2026;10142;06.02.2026
2027;10142;02.03.2026
2028;10142;24.03.2026
2029;7164;13.01.2026
2030;7164;31.03.2026
2031;7176;27.01.2026
2032;7176;27.01.2026
2033;7176;27.01.2026
2034;7176;13.02.2026
2035;7176;13.02.2026
2036;7176;13.02.2026
2037;7176;03.03.2026
2038;7176;06.03.2026
2039;7176;06.03.2026
2040;7176;06.03.2026
2041;7176;06.03.2026
2042;7176;06.03.2026
2043;7176;12.03.2026
2044;7176;20.03.2026
2045;7176;20.03.2026
2046;7185;06.01.2026
2047;7185;06.01.2026
2048;7185;13.01.2026
2049;7185;30.01.2026
2050;7185;16.02.2026
2051;7185;17.02.2026
2052;7185;27.02.2026
2053;7185;17.03.2026
2054;7185;23.03.2026
2055;7190;26.02.2026
2056;7277;03.02.2026
2057;7277;13.02.2026
2058;7191;12.01.2026
2059;7191;13.01.2026
2060;7191;16.01.2026
2061;7191;20.01.2026
2062;7191;02.02.2026
2063;7191;13.02.2026
2064;7191;18.02.2026
2065;7191;13.03.2026
2066;7191;13.03.2026
2067;7191;26.03.2026
2068;11359;07.01.2026
2069;11359;20.01.2026
2070;11359;02.02.2026
2071;11359;09.02.2026
2072;11359;12.02.2026
2073;11359;20.02.2026
2074;11359;24.03.2026
2075;7219;09.01.2026
2076;7219;27.01.2026
2077;7219;03.02.2026
2078;7219;11.02.2026
2079;7219;27.02.2026
2080;7219;03.03.2026
2081;7219;19.03.2026
2082;12708;12.03.2026
2083;12708;13.03.2026
2084;12708;13.03.2026
2085;12708;18.03.2026
2086;12708;23.03.2026
2087;7237;12.01.2026
2088;7237;13.01.2026
2089;7237;14.01.2026
2090;7237;19.01.2026
2091;7237;20.01.2026
2092;7237;22.01.2026
2093;7237;22.01.2026
2094;7237;02.02.2026
2095;7237;04.02.2026
2096;7237;05.02.2026
2097;7237;05.02.2026
2098;7237;06.02.2026
2099;7237;06.02.2026
2100;7237;09.02.2026
2101;7237;11.02.2026
2102;7237;11.02.2026
2103;7237;12.02.2026
2104;7237;16.02.2026
2105;7237;23.02.2026
2106;7237;23.02.2026
2107;7237;27.02.2026
2108;7237;09.03.2026
2109;7237;10.03.2026
2110;7237;16.03.2026
2111;7237;18.03.2026
2112;7237;19.03.2026
2113;7237;01.04.2026
2114;11883;10.02.2026
2115;11883;17.02.2026
2116;7283;10.02.2026
2117;7283;10.02.2026
2118;7283;19.03.2026
2119;7283;27.03.2026
2120;7283;27.03.2026
2121;7283;27.03.2026
2122;7283;01.04.2026
2123;7320;23.02.2026
2124;10307;16.01.2026
2125;7337;31.03.2026
2126;7337;31.03.2026
2127;12579;16.01.2026
2128;12579;21.01.2026
2129;12579;18.02.2026
2130;7357;13.02.2026
2131;7364;28.01.2026
2132;9656;06.01.2026
2133;9656;09.01.2026
2134;9656;12.01.2026
2135;9656;19.01.2026
2136;9656;19.01.2026
2137;9656;16.02.2026
2138;9656;17.02.2026
2139;9656;19.02.2026
2140;9656;24.02.2026
2141;9656;02.03.2026
2142;9656;04.03.2026
2143;9656;05.03.2026
2144;9656;05.03.2026
2145;9656;12.03.2026
2146;12493;13.01.2026
2147;12493;21.01.2026
2148;12493;21.01.2026
2149;12493;21.01.2026
2150;12493;22.01.2026
2151;12493;23.01.2026
2152;12493;04.02.2026
2153;12493;04.02.2026
2154;12493;05.02.2026
2155;12493;12.02.2026
2156;12493;12.02.2026
2157;12493;17.02.2026
2158;12493;09.03.2026
2159;12493;09.03.2026
2160;12493;17.03.2026
2161;12493;25.03.2026
2162;12493;30.03.2026
2163;12493;30.03.2026
2164;7396;12.03.2026
2165;7400;06.03.2026
2166;7404;10.03.2026
2167;7404;18.03.2026
2168;7513;30.01.2026
2169;7513;25.02.2026
2170;9761;20.03.2026
2171;7571;04.03.2026
2172;7613;23.02.2026
2173;7613;23.02.2026
2174;7613;25.02.2026
2175;7621;05.01.2026
2176;7621;08.01.2026
2177;9650;09.01.2026
2178;9650;15.01.2026
2179;9650;26.01.2026
2180;9650;03.03.2026
2181;9650;05.03.2026
2182;9650;06.03.2026
2183;9650;26.03.2026
2184;7642;16.02.2026
2185;12362;09.03.2026
2186;9869;16.02.2026
2187;9869;26.02.2026
2188;9869;26.02.2026
2189;9869;19.03.2026
2190;9869;19.03.2026
2191;9869;19.03.2026
2192;7884;04.02.2026
2193;7884;20.02.2026
2194;7884;20.03.2026
2195;7742;19.01.2026
2196;11420;05.03.2026
2197;11420;05.03.2026
2198;7770;09.01.2026
2199;7770;13.01.2026
2200;7770;18.02.2026
2201;7770;03.03.2026
2202;7770;25.03.2026
2203;12172;30.03.2026
2204;7830;05.02.2026
2205;7830;25.03.2026
2206;12418;19.01.2026
2207;12418;19.01.2026
2208;12622;12.02.2026
2209;12622;10.03.2026
2210;12622;16.03.2026
2211;7851;03.02.2026
2212;7851;18.03.2026
2213;7882;22.01.2026
2214;7882;18.02.2026
2215;7882;25.03.2026
2216;7882;27.03.2026
2217;12329;06.01.2026
2218;12329;12.01.2026
2219;12329;13.02.2026
2220;12329;25.02.2026
2221;9724;14.01.2026
2222;11295;05.01.2026
2223;11295;14.01.2026
2224;11295;21.01.2026
2225;11295;27.01.2026
2226;11295;03.02.2026
2227;11295;30.03.2026
2228;7925;13.01.2026
2229;11154;20.03.2026
2230;7948;10.03.2026
2231;7948;20.03.2026
2232;9908;12.01.2026
2233;9908;15.01.2026
2234;9908;30.01.2026
2235;9908;03.02.2026
2236;9908;12.02.2026
2237;9908;05.03.2026
2238;9908;05.03.2026
2239;9908;25.03.2026
2240;9908;27.03.2026
2241;9908;31.03.2026
2242;7971;06.01.2026
2243;7971;07.01.2026
2244;7971;16.01.2026
2245;7971;30.01.2026
2246;7971;16.02.2026
2247;7971;17.02.2026
2248;7971;18.02.2026
2249;7971;23.02.2026
2250;7971;06.03.2026
2251;7971;16.03.2026
2252;11458;04.02.2026
2253;11458;17.02.2026
2254;11458;18.02.2026
2255;7980;14.01.2026
2256;7980;19.01.2026
2257;7980;23.03.2026
2258;7980;31.03.2026
2259;8048;10.03.2026
2260;8105;26.03.2026
2261;8125;31.01.2026
2262;11312;04.03.2026
2263;10232;23.03.2026
2264;10232;23.03.2026
2265;8166;15.01.2026
2266;8166;15.01.2026
2267;8166;22.01.2026
2268;8166;17.02.2026
2269;8166;17.02.2026
2270;8166;17.02.2026
2271;8166;17.02.2026
2272;8166;05.03.2026
2273;8166;05.03.2026
2274;8166;20.03.2026
2275;8166;23.03.2026
2276;8166;23.03.2026
2277;8166;01.04.2026
2278;10012;06.02.2026
2279;8179;27.02.2026
2280;8206;09.01.2026
2281;8206;05.02.2026
2282;8206;05.02.2026
2283;8206;17.02.2026
2284;8206;27.02.2026
2285;12749;01.04.2026
2286;11128;28.01.2026
2287;11128;12.02.2026
2288;11128;12.02.2026
2289;11128;19.02.2026
2290;11128;20.03.2026
2291;11128;23.03.2026
2292;11128;23.03.2026
2293;11128;23.03.2026
2294;11128;01.04.2026
2295;11430;30.01.2026
2296;11430;13.02.2026
2297;11430;25.03.2026
2298;11430;01.04.2026
2299;9946;15.01.2026
2300;9946;30.01.2026
2301;9946;16.03.2026
2302;12472;27.01.2026
2303;12472;31.03.2026
2304;8260;04.02.2026
2305;8260;26.02.2026
2306;8260;26.02.2026
2307;10039;07.01.2026
2308;10039;13.01.2026
2309;10039;15.01.2026
2310;10039;19.01.2026
2311;10039;29.01.2026
2312;10039;02.02.2026
2313;10039;06.02.2026
2314;10039;09.02.2026
2315;10039;09.02.2026
2316;10039;17.02.2026
2317;10039;17.02.2026
2318;10039;19.02.2026
2319;10039;24.02.2026
2320;10039;24.02.2026
2321;10039;02.03.2026
2322;10039;09.03.2026
2323;10039;10.03.2026
2324;10039;17.03.2026
2325;10039;19.03.2026
2326;10039;19.03.2026
2327;10039;20.03.2026
2328;10039;24.03.2026
2329;10039;26.03.2026
2330;10039;30.03.2026
2331;10039;30.03.2026
2332;10039;30.03.2026
2333;10039;30.03.2026
2334;10377;01.04.2026
2335;12557;07.01.2026
2336;12557;07.01.2026
2337;12557;09.01.2026
2338;12557;12.01.2026
2339;12557;12.01.2026
2340;12557;05.02.2026
2341;12557;12.02.2026
2342;12557;10.03.2026
2343;12557;13.03.2026
2344;12557;18.03.2026
2345;12557;24.03.2026
2346;12557;01.04.2026
2347;11552;26.01.2026
2348;11552;05.02.2026
2349;11552;26.03.2026
2350;10396;19.01.2026
2351;10396;16.02.2026
2352;10396;09.03.2026
2353;8305;09.01.2026
2354;8305;14.01.2026
2355;8306;09.02.2026
2356;8306;18.02.2026
2357;8306;04.03.2026
2358;8318;16.03.2026
2359;8389;01.04.2026
2360;8391;12.02.2026
2361;8391;12.02.2026
2362;8391;12.02.2026
2363;12721;18.03.2026
2364;8422;22.01.2026
2365;8490;26.01.2026
2366;8490;27.01.2026
2367;8513;06.01.2026
2368;8513;17.02.2026
2369;8513;27.02.2026
2370;8513;10.03.2026
2371;8513;12.03.2026
2372;8513;13.03.2026
2373;8513;25.03.2026
2374;8513;27.03.2026
2375;8513;31.03.2026
2376;12003;12.03.2026
2377;12003;25.03.2026
2378;10072;14.01.2026
2379;10072;16.02.2026
2380;10072;27.02.2026
2381;10072;18.03.2026
2382;10072;25.03.2026
2383;10072;01.04.2026
2384;8629;16.01.2026
2385;8629;16.01.2026
2386;8629;23.01.2026
2387;8629;11.02.2026
2388;8629;23.02.2026
2389;8629;04.03.2026
2390;8629;11.03.2026
2391;8629;18.03.2026
2392;8629;01.04.2026
2393;8629;01.04.2026
2394;8629;01.04.2026
2395;12725;26.03.2026
2396;9798;12.01.2026
2397;9798;13.01.2026
2398;9798;13.01.2026
2399;9798;13.01.2026
2400;9798;14.01.2026
2401;9798;19.01.2026
2402;9798;23.01.2026
2403;9798;27.01.2026
2404;9798;30.01.2026
2405;9798;05.02.2026
2406;9798;05.02.2026
2407;9798;06.02.2026
2408;9798;06.02.2026
2409;9798;06.02.2026
2410;9798;11.02.2026
2411;9798;12.02.2026
2412;9798;17.02.2026
2413;9798;23.02.2026
2414;9798;23.02.2026
2415;9798;24.02.2026
2416;9798;25.02.2026
2417;9798;27.02.2026
2418;9798;27.02.2026
2419;9798;02.03.2026
2420;9798;04.03.2026
2421;9798;04.03.2026
2422;9798;04.03.2026
2423;9798;06.03.2026
2424;9798;10.03.2026
2425;9798;10.03.2026
2426;9798;11.03.2026
2427;9798;13.03.2026
2428;9798;16.03.2026
2429;9798;18.03.2026
2430;9798;19.03.2026
2431;9798;19.03.2026
2432;9798;19.03.2026
2433;9798;20.03.2026
2434;9798;20.03.2026
2435;9798;23.03.2026
2436;9798;23.03.2026
2437;9798;24.03.2026
2438;9798;25.03.2026
2439;9798;26.03.2026
2440;9798;27.03.2026
2441;9798;27.03.2026
2442;9798;01.04.2026
2443;8670;29.01.2026
2444;8670;29.01.2026
2445;8670;30.01.2026
2446;8670;12.02.2026
2447;8670;12.02.2026
2448;8670;20.02.2026
2449;8670;10.03.2026
2450;8670;11.03.2026
2451;8702;02.02.2026
2452;8702;04.03.2026
2453;8702;11.03.2026
2454;11225;12.02.2026
2455;11225;24.03.2026
2456;8809;13.01.2026
2457;8809;19.01.2026
2458;8809;27.01.2026
2459;8809;03.03.2026
2460;8809;05.03.2026
2461;8809;09.03.2026
2462;8809;11.03.2026
2463;8809;13.03.2026
2464;8809;19.03.2026
2465;8809;20.03.2026
2466;8809;23.03.2026
2467;8817;21.01.2026
2468;8817;18.02.2026
2469;8817;04.03.2026
2470;8817;04.03.2026
2471;10177;27.02.2026
2472;10177;05.03.2026
2473;10177;19.03.2026
2474;10177;23.03.2026
2475;10177;24.03.2026
2476;8837;05.02.2026
2477;8837;04.03.2026
2478;8839;26.02.2026
2479;8839;10.03.2026
2480;8866;24.02.2026
2481;8866;24.02.2026
2482;8866;18.03.2026
2483;11434;30.01.2026
2484;11434;12.02.2026
2485;11434;13.02.2026
2486;11434;23.02.2026
2487;11434;12.03.2026
2488;11434;12.03.2026
2489;11434;12.03.2026
2490;11434;30.03.2026
2491;11477;07.01.2026
2492;11477;09.01.2026
2493;11477;09.01.2026
2494;11477;20.01.2026
2495;11477;20.01.2026
2496;11477;04.02.2026
2497;11477;09.02.2026
2498;11477;12.02.2026
2499;11477;12.02.2026
2500;11477;25.02.2026
2501;11477;25.02.2026
2502;11477;04.03.2026
2503;11477;05.03.2026
2504;11477;12.03.2026
2505;8874;27.02.2026
2506;8874;01.04.2026
2507;8891;13.02.2026
2508;8891;27.02.2026
2509;8891;10.03.2026
2510;8898;13.01.2026
2511;8898;13.01.2026
2512;8898;19.01.2026
2513;8898;20.03.2026
2514;8920;28.01.2026
2515;8920;16.02.2026
2516;8920;16.02.2026
2517;8948;17.02.2026
2518;8950;15.01.2026
2519;8950;03.02.2026
2520;8960;07.01.2026
2521;8960;07.01.2026
2522;8960;14.01.2026
2523;8960;14.01.2026
2524;8960;14.01.2026
2525;8960;14.01.2026
2526;8960;16.01.2026
2527;8960;26.01.2026
2528;8960;27.01.2026
2529;8960;06.02.2026
2530;8960;11.02.2026
2531;8960;13.02.2026
2532;8960;13.02.2026
2533;8960;13.02.2026
2534;8960;13.02.2026
2535;8960;13.02.2026
2536;8960;13.02.2026
2537;8960;13.02.2026
2538;8960;13.02.2026
2539;8960;16.02.2026
2540;8960;16.02.2026
2541;8960;16.02.2026
2542;8960;16.02.2026
2543;8960;23.02.2026
2544;8960;24.02.2026
2545;8960;24.02.2026
2546;8960;05.03.2026
2547;8960;05.03.2026
2548;8960;24.03.2026
2549;8960;24.03.2026
2550;8960;31.03.2026
2551;8960;31.03.2026
2552;10385;20.02.2026
2553;11212;10.03.2026
2554;11212;10.03.2026
2555;9046;30.01.2026
2556;9046;10.03.2026
2557;9047;21.01.2026
2558;9047;21.01.2026
2559;9047;21.01.2026
2560;9047;21.01.2026
2561;9047;21.01.2026
2562;9047;21.01.2026
2563;9047;27.01.2026
2564;9047;27.01.2026
2565;9047;27.01.2026
2566;9047;27.01.2026
2567;9047;10.02.2026
2568;9047;10.02.2026
2569;9047;10.02.2026
2570;9047;10.02.2026
2571;9047;10.02.2026
2572;9047;10.02.2026
2573;9047;25.02.2026
2574;9047;25.02.2026
2575;9047;25.02.2026
2576;9047;25.02.2026
2577;9047;04.03.2026
2578;9047;10.03.2026
2579;9047;10.03.2026
2580;9047;10.03.2026
2581;9047;10.03.2026
2582;9047;10.03.2026
2583;9047;18.03.2026
2584;9047;18.03.2026
2585;9047;18.03.2026
2586;9047;18.03.2026
2587;9047;18.03.2026
2588;9047;24.03.2026
2589;9047;24.03.2026
2590;9047;24.03.2026
2591;9047;31.03.2026
2592;9047;31.03.2026
2593;9047;31.03.2026
2594;9047;31.03.2026
2595;9070;15.01.2026
2596;9076;18.03.2026
2597;9103;14.01.2026
2598;9103;21.01.2026
2599;9128;27.03.2026
2600;9134;23.01.2026
2601;9134;11.03.2026
2602;9134;13.03.2026
2603;9828;04.02.2026
2604;9828;23.03.2026
2605;10030;13.01.2026
2606;10030;03.03.2026
2607;9261;20.02.2026
2608;9261;24.02.2026
2609;9261;20.03.2026
2610;9264;19.01.2026
2611;9265;06.01.2026
2612;9265;06.01.2026
2613;9265;06.01.2026
2614;9265;06.01.2026
2615;9265;19.01.2026
2616;9265;22.01.2026
2617;9265;26.01.2026
2618;9265;30.01.2026
2619;9265;30.01.2026
2620;9265;12.02.2026
2621;9265;12.02.2026
2622;9265;10.03.2026
2623;9265;23.03.2026
2624;9265;23.03.2026
2625;9266;15.01.2026
2626;9266;15.01.2026
2627;9266;10.02.2026
2628;9266;25.03.2026
2629;9289;06.01.2026
2630;9330;13.01.2026
2631;9330;22.01.2026
2632;9330;11.02.2026
2633;9330;20.03.2026
2634;9330;26.03.2026
2635;9330;26.03.2026
2636;9399;26.01.2026
2637;9399;09.02.2026
2638;9399;23.02.2026
2639;9399;09.03.2026
2640;9380;13.03.2026
2641;9382;09.02.2026
2642;9382;11.02.2026
2643;9382;11.02.2026
2644;9382;04.03.2026
2645;9382;17.03.2026
2646;9382;25.03.2026
2647;9415;09.01.2026
2648;9415;21.01.2026
2649;9415;20.02.2026
2650;9436;05.01.2026
2651;9436;19.01.2026
2652;9436;19.01.2026
2653;9436;22.01.2026
2654;9436;02.02.2026
2655;9436;10.02.2026
2656;9436;18.02.2026
2657;9436;27.02.2026
2658;9436;26.03.2026
2659;9436;31.03.2026
2660;9490;08.01.2026
2661;9490;08.01.2026
2662;9490;14.01.2026
2663;9490;22.01.2026
2664;9490;18.02.2026
2665;9490;03.03.2026
2666;9490;06.03.2026
2667;9490;19.03.2026
2668;10335;15.01.2026
2669;10335;15.01.2026
2670;10335;06.02.2026
2671;10335;06.02.2026
2672;10335;12.02.2026
2673;10335;12.02.2026
2674;10335;27.02.2026
2675;10335;04.03.2026
2676;10335;25.03.2026
2677;10335;30.03.2026
2678;11243;29.01.2026
2679;10339;15.01.2026
2680;10339;16.01.2026
2681;10339;16.01.2026
2682;10339;30.01.2026
2683;10339;04.02.2026
2684;10339;11.02.2026
2685;10339;13.02.2026
2686;10339;17.02.2026
2687;10339;20.02.2026
2688;10339;20.02.2026
2689;10339;02.03.2026
2690;10339;13.03.2026
2691;10339;16.03.2026
2692;10339;18.03.2026
2693;10339;01.04.2026
2694;12348;11.02.2026
2695;12348;27.03.2026
2696;10359;13.01.2026
