锘縞ode;name
10035;袩芯褉褨蟹泻邪 褌褉褍斜 ( 袛袣袩袩 25.62.20-00.00)
14144;GB/T 8162:2018 76褏10 褋褌20
10595;袛小孝校 8938:2019 42褏 5 褋褌20
7697;孝褉褍斜邪 锌褉芯褎. 100褏70褏 6 褋褌09袚2小
11876;袚袨小孝 8734 89褏10 褋褌20
14041;袛小孝校 8938:2019 108褏12 褋褌20
10696;袛小孝校 8938:2019 38褏 3 褋褌20
10697;袛小孝校 8938:2019 57褏 3.5 褋褌20
11651;袚袨小孝 8732 38褏 3 褋褌20
7579;孝褉褍斜邪 锌褉芯褎. 120褏80褏10 褋褌20
13971;GB/T 8162:2018 102褏10 褋褌20
10842;袛小孝校 8938:2019 95褏22 褋褌45
13648;袛小孝校 8938:2019 168褏22 褋褌20
13732;袛小孝校 8938:2019 102褏18 褋褌45
14760;袛小孝校 8938:2019 73褏12 褋褌35
14679;GB/T 8162:2018 76褏 8 褋褌20
8520;袩芯褉褨蟹泻邪 10 褉褨蟹芯胁 ( 袛袣袩袩 25.62.20-00.00)
10640;袛小孝校 8938:2019 60褏 5 褋褌20
11094;袛小孝校 8938:2019 33.7褏 3.5 褋褌20
11695;袚袨小孝 8734 22褏5 褋褌20
14379;袛小孝校 8938:2019 203褏25 褋褌20
14246;GB/T 8162:2018 70褏10  褋褌20
14247;GB/T 8162:2018 60褏10 褋褌20
14819;袚袗袪携效袗 GB/T 8162:2018 50褏10 褋褌20
14689;袛小孝校 8938:2019 95褏 8 褋褌20
7546;孝褉褍斜邪 锌褉芯褎. 60褏60褏 6 褋褌20
14419;GB/T 8162:2018 60褏14 褋褌20
7679;孝褉褍斜邪 锌褉芯褎. 200褏100褏 8 褋褌20
10709;袛小孝校 8938:2019 108褏10 褋褌20
13899;GB/T 8162:2018 108褏10 褋褌20
13563;袛小孝校 8938:2019 60褏 4.5 褋褌20
13809;GB/T 8162:2018 50褏 6 褋褌20
14907;袚袗袪携效袗  GB/T 8162:2018 60褏 5 褋褌20
14911;袚袗袪携效袗 GB/T 8162:2018 73褏 5 褋褌20
11811;袛小孝校 8939:2019 32褏 6 褋褌20
10802;袛小孝校 8938:2019 32褏 3.5 褋褌20
12367;袛小孝校 8938:2019 70褏16 褋褌20
12949;袚袨小孝 8732 159褏10 褋褌20
14490;袛小孝校 8938:2019 95褏16 褋褌20
14916;袚袗袪携效袗 GB/T 8162:2018 89褏 6 褋褌20
10790;袛小孝校 8938:2019 48.3褏 3.5 褋褌20
14915;袚袗袪携效袗 GB/T 8162:2018 89褏 5 褋褌20
8572;袩芯褉褨蟹泻邪  6 褉褨蟹芯胁( 袛袣袩袩 25.62.20-00.00)
10789;袛小孝校 8938:2019 45褏 3 褋褌20
14123;GB/T 8162:2018 42褏 3 褋褌20
14055;GB/T 8162:2018 42褏 4 褋褌20
14129;GB/T 8162:2018 22褏 4 褋褌20
14831;袚袗袪携效袗 GB/T 8162:2018 34褏 4 褋褌20
14969;袚袗袪携效袗 GB/T 8162:2018 102褏 8 褋褌20
7515;孝褉褍斜邪 锌褉芯褎. 90褏90褏 5 褋褌20
11950;袚袨小孝 8732 133褏14 褋褌20
14811;袚袗袪携效袗 GB/T 8162:2018 34褏 6 褋褌20
13959;GB/T 8162:2018 65褏 4 褋褌20
13851;1袛小孝校 8938:2019 180褏 6 褋褌20
14847;袚袗袪携效袗 GB/T 8162:2018 76褏 3 褋褌20
10599;袛小孝校 8938:2019 51褏 3 褋褌20
13857;GB/T 8162:2018 45褏 8 褋褌20
10573;袛小孝校 8938:2019 60褏 4 褋褌20
10586;袛小孝校 8938:2019 89褏 4 褋褌20
10587;袛小孝校 8938:2019 76褏 4 褋褌20
10558;袛小孝校 8938:2019 57褏 4 褋褌20
10604;袛小孝校 8938:2019 76褏 3.5 褋褌20
10694;袛小孝校 8938:2019 219褏40 褋褌20
13706;袛小孝校 8938:2019 140褏30 褋褌20
14894;袛小孝校 8938:2019 325褏45 褋褌20
10841;袛小孝校 8938:2019 140褏 5 褋褌20
14667;GB/T 8162:2018 40褏 5 褋褌20
10755;袛小孝校 8938:2019 89褏16 褋褌20
11888;袛小孝校 8939:2019 114褏20 褋褌20
10734;袛小孝校 8938:2019 70褏 6 褋褌20
14794;袚袗袪携效袗 GB/T 8162:2018 14褏 2 褋褌20
14571;EN 10210-1:2006 298.5褏 8 褋褌S355J2H
10583;袛小孝校 8938:2019 51褏 2.5 褋褌20
7479;孝褉褍斜邪 锌褉芯褎. 150褏150褏 8 褋褌09袚2小
7703;孝褉褍斜邪 锌褉芯褎. 150褏100褏10 褋褌09袚2小
7801;孝褉褍斜邪 锌褉芯褎. 80褏50褏 6 褋褌09袚2小
7804;孝褉褍斜邪 锌褉芯褎. 80褏50褏 6 褋褌20
13823;GB/T 8162:2018 51褏 6 褋褌20
14235;孝褉褍斜邪 锌褉芯褎. 140褏140褏 8 褋褌S355J2H
14302;孝褉褍斜邪 锌褉芯褎. 200褏80褏 8 褋褌S355J2H
14135;GB/T 8162:2018 30褏 6 褋褌20
7713;孝褉褍斜邪 锌褉芯褎. 140褏100褏 8 褋褌20
10567;袛小孝校 8938:2019 89褏14 褋褌20
13956;GB/T 8162:2018 60褏12 褋褌20
14488;袛小孝校 8938:2019 83褏18 褋褌20
14682;袛小孝校 8938:2019 89褏22 褋褌20
14658;GB/T 8162:2018 27褏 5 褋褌20
10600;袛小孝校 8938:2019 60褏 3 褋褌20
7803;孝褉褍斜邪 锌褉芯褎. 80褏50褏 5 褋褌20
7465;孝褉褍斜邪 锌褉芯褎. 140褏140褏 8 褋褌09袚2小
7470;孝褉褍斜邪 锌褉芯褎. 140褏140褏 8 褋褌20
14157;袛小孝校 8938:2019 42褏 2.6 褋褌20
14836;袚袗袪携效袗 GB/T 8162:2018 76褏12 褋褌20
8557;袩芯褉褨蟹泻邪  8 褉褨蟹芯胁 (袛袣袩袩 25.62.20-00.00)
14816;袚袗袪携效袗 GB/T 8162:2018 40褏 8 褋褌20
10976;袛小孝校 8938:2019 377褏10 褋褌20
13850;袛小孝校 8938:2019 159褏16 褋褌20
7695;孝褉褍斜邪 锌褉芯褎. 100褏40褏 5 褋褌20
10603;袛小孝校 8938:2019 83褏16 褋褌20
11395;袛小孝校 8938:2019 133褏18 褋褌35
11537;袛小孝校 8938:2019 152褏30 褋褌45
12751;袛小孝校 8939:2019 152褏30 褋褌45
13876;袛小孝校 8938:2019 114褏18 褋褌45
14670;GB/T 8162:2018 70褏14  褋褌45
14785;袛小孝校 8938:2019 127褏16 褋褌45
7519;孝褉褍斜邪 锌褉芯褎. 90褏90褏10 褋褌20
14593;袛小孝校 8938:2019 102褏18 褋褌20
7455;孝褉褍斜邪 锌褉芯褎. 100褏100褏10 褋褌20
10650;袛小孝校 8938:2019 102褏22 褋褌20
14124;GB/T 8162:2018 42褏 8 褋褌20
7573;孝褉褍斜邪 锌褉芯褎. 120褏80褏 6 褋褌09袚2小
7605;孝褉褍斜邪 锌褉芯褎. 100褏50褏 6 褋褌09袚2小
12153;袚袨小孝 8732 57褏12 褋褌20
14424;GB/T 8162:2018 95褏10 褋褌20
14960;袚袗袪携效袗 GB/T 8162:2018 63褏14 褋褌20
11768;袚袨小孝 8734 48褏 4 褋褌20
14186;袛小孝校 8938:2019 133褏18 褋褌20
14529;GB/T 8162:2018 73褏14  褋褌20
7593;孝褉褍斜邪 锌褉芯褎. 100褏80褏 5 褋褌20
7544;孝褉褍斜邪 锌褉芯褎. 60褏60褏 4 褋褌20
7553;孝褉褍斜邪 锌褉芯褎. 50褏50褏 4 褋褌20
10501;孝褉褍斜邪 锌褉芯褎. 120褏80褏 4 褋褌20
13825;GB/T 8162:2018 60褏 8 褋褌20
14143;GB/T 8162:2018 70褏12  褋褌20
10793;袛小孝校 8938:2019 83褏 4 褋褌20
11690;袚袨小孝 8734 21褏 4 褋褌20
10725;袛小孝校 8938:2019 51褏 4 褋褌20
13632;袩芯褉褨蟹泻邪 27 褉褨蟹芯胁   (袛袣袩袩 25.62.20-00.00)
10649;袛小孝校 8938:2019 76褏16 褋褌20
14307;袛小孝校 8938:2019 73褏10 褋褌35
10591;袛小孝校 8938:2019 51褏 5 褋褌20
5803;袚袨小孝 8732 146褏14 褋褌45
14298;袚袨小孝 8732 140褏 6 褋褌20
7537;孝褉褍斜邪 锌褉芯褎. 70褏70褏 5 褋褌20
7540;孝褉褍斜邪 锌褉芯褎. 70褏70褏 8 褋褌20
7558;孝褉褍斜邪 锌褉芯褎. 42褏42褏 5 褋褌20
7802;孝褉褍斜邪 锌褉芯褎. 80褏50褏 4 褋褌20
7622;孝褉褍斜邪 锌褉芯褎. 80褏40褏 4 褋褌20
8525;袩芯褉褨蟹泻邪  5 褉褨蟹芯胁  ( 袛袣袩袩 25.62.20-00.00)
8636;袩芯褉褨蟹泻邪 16 褉褨蟹 ( 蟹谐 袛袣袩袩 25.62.20-00.00)
11817;袛小孝校 8939:2019 40褏 4 褋褌20
14648;GB/T 8162:2018 16褏 3 褋褌20
14665;GB/T 8162:2018 35褏 6 褋褌20
8515;袩芯褉褨蟹泻邪  4 褉褨蟹邪 ( 袛袣袩袩 25.62.20-00.00)
14136;GB/T 8162:2018 40褏 6 褋褌20
10596;袛小孝校 8938:2019 48.3褏 5 褋褌20
10602;袛小孝校 8938:2019 76褏 5 褋褌20
10610;袛小孝校 8938:2019 89褏 5 褋褌20
10704;袛小孝校 8938:2019 102褏 5 褋褌20
10742;袛小孝校 8938:2019 38褏 4 褋褌20
8217;孝褉褍斜邪 锌褉芯褎. 150褏80褏 6 褋褌20
7483;孝褉褍斜邪 锌褉芯褎. 150褏150褏 8 褋褌20
7510;孝褉褍斜邪 锌褉芯褎. 200褏200褏10 褋褌20
7602;孝褉褍斜邪 锌褉芯褎. 100褏60褏 6 褋褌20
7584;孝褉褍斜邪 锌褉芯褎. 120褏60褏 6 褋褌20
7699;孝褉褍斜邪 锌褉芯褎. 100褏70褏 6 褋褌20
10685;袛小孝校 8938:2019 114褏14 褋褌20
13802;GB/T 8162:2018 83褏12 褋褌20
14787;袛小孝校 8938:2019 121褏16 褋褌20
14958;袚袗袪携效袗 GB/T 8162:2018 60褏12 褋褌20
7482;孝褉褍斜邪 锌褉芯褎. 150褏150褏 6 褋褌20
7706;孝褉褍斜邪 锌褉芯褎. 150褏100褏 8 褋褌20
10493;袛小孝校 8938:2019 102褏12 褋褌35
7438;孝褉褍斜邪 锌褉芯褎. 120褏120褏 6 褋褌20
7441;孝褉褍斜邪 锌褉芯褎. 120褏120褏 8 褋褌20
14828;袚袗袪携效袗 GB/T 8162:2018 108褏 6 褋褌20
14635;GB/T 8162:2018 70褏14  褋褌20
10862;袛小孝校 8938:2019 140褏18 褋褌20
11758;袚袨小孝 8734 40褏12 褋褌20
14657;GB/T 8162:2018 25褏 3.5 褋褌20
14650;GB/T 8162:2018 18褏 3 褋褌20
10773;袛小孝校 8938:2019 83褏10 褋褌20
13966;GB/T 8162:2018 48褏 5 褋褌20
10749;袛小孝校 8938:2019 76褏10 褋褌20
14961;袚袗袪携效袗 GB/T 8162:2018 65褏14 褋褌20
8531;袩芯褉褨蟹泻邪  9 褉褨蟹芯胁 ( 袛袣袩袩 25.62.20-00.00)
14652;GB/T 8162:2018 20褏 3 褋褌20
11701;袚袨小孝 8734 25褏2.5 褋褌20
13053;袛小孝校 8939:2019 20褏 3 褋褌20
14965;袚袗袪携效袗 GB/T 8162:2018 34褏 3 褋褌20
13760;袛小孝校 8938:2019 70褏 4 褋褌20
10690;袛小孝校 8938:2019 48.3褏 4 褋褌20
10853;袛小孝校 8938:2019 299褏30 褋褌45
14021;袛小孝校 8938:2019 180褏16 褋褌20
11344;袛小孝校 8938:2019 152褏30 褋褌20
10979;袛小孝校 8938:2019 299褏25 褋褌35
11669;袚袨小孝 8732 63.5褏 5 褋褌20
8644;袩芯褉褨蟹泻邪 20 褉械蟹芯胁 ( 蟹谐 袛袣袩袩 25.62.20-00.00)
11413;袛小孝校 8938:2019 63.5褏 5 褋褌20
7461;孝褉褍斜邪 锌褉芯褎. 110褏110褏 6 褋褌20
8517;袩芯褉褨蟹泻邪  2 褉褨蟹邪 ( 蟹谐 袛袣袩袩 25.62.20-00.00)
11702;袚袨小孝 8734 25褏3 褋褌20
14442;袩芯褉褨蟹泻邪 47 褉褨蟹芯胁 ( 蟹谐 袛袣袩袩 25.62.20-00.00)
14092;袛小孝校 8938:2019 133褏16 褋褌20
13951;GB/T 8162:2018 45褏 5 褋褌20
14146;GB/T 8162:2018 34褏 3 褋褌20
11785;袛小孝校 8939:2019 12褏 3 褋褌20
13984;GB/T 8162:2018 63褏 6 褋褌20
7570;孝褉褍斜邪 锌褉芯褎. 120褏100褏 8 褋褌20
7719;孝褉褍斜邪 锌褉芯褎. 140褏120褏 8 褋褌20
7443;孝褉褍斜邪 锌褉芯褎. 120褏120褏12 褋褌20
9004;袩芯褉褨蟹泻邪 褌芯胁褋褌芯褋褌褨薪薪懈褏  ( 袛袣袩袩 25.62.20-00.00)
13858;GB/T 8162:2018 45褏12 褋褌20
10844;袛小孝校 8938:2019 168褏32 褋褌20
11527;袛小孝校 8938:2019 102褏22 褋褌20
11837;袚袨小孝 8734 108褏18 褋褌20
14568;袛小孝校 8938:2019 108褏16 褋褌20
13582;袛小孝校 8938:2019 203褏22 褋褌20
14762;袛小孝校 8938:2019 168褏36 褋褌20
14557;袛小孝校 8938:2019 245褏25 褋褌20
14649;GB/T 8162:2018 16褏 5 褋褌20
11903;袛小孝校 8939:2019 76褏14 褋褌20
13654;袛小孝校 8938:2019 203褏16 褋褌20
13863;GB/T 8162:2018 168褏20 褋褌20
8548;袨袪袝袧袛袗 小袣袥袗袛校
10552;袛小孝校 8938:2019 108褏 4 褋褌20
13877;袚袨小孝 8732 159褏 5 褋褌20
10991;袛小孝校 8938:2019 89褏 3.5 褋褌20
14479;袛小孝校 8938:2019 630褏10 褋褌20
13982;GB/T 8162:2018 108褏 4 褋褌20
7458;孝褉褍斜邪 锌褉芯褎. 100褏100褏 8 褋褌35
11783;袛小孝校 8939:2019 10褏 2 褋褌20
14806;袚袗袪携效袗 GB/T 8162:2018 26褏 4 褋褌20
12384;袛小孝校 8938:2019 89褏25 褋褌20
12510;袛小孝校 8939:2019 273褏40 褋褌45
13788;袛小孝校 8938:2019 133褏25 褋褌35
14407;袛小孝校 8938:2019 203褏25 褋褌35
7562;孝褉褍斜邪 锌褉芯褎. 40褏40褏 5 褋褌09袚2小
11869;袚袨小孝 8734 76褏 8 褋褌20
11813;袛小孝校 8939:2019 38褏 3 褋褌20
11059;袛小孝校 8939:2019 34褏 1.5 褋褌20
7732;孝褉褍斜邪 锌褉芯褎. 210褏100褏 8 褋褌20
10557;袛小孝校 8938:2019 57褏 6 褋褌20
11760;袚袨小孝 8734 42褏 6 褋褌20
14096;袛小孝校 8938:2019 127褏10 褋褌20
14810;袚袗袪携效袗 GB/T 8162:2018 34褏 5 褋褌20
13728;袛小孝校 8938:2019 219褏22 褋褌20
14558;袛小孝校 8938:2019 457褏20 褋褌20
14801;袚袗袪携效袗 GB/T 8162:2018 24褏 3 褋褌20
10730;袛小孝校 8938:2019 203褏20 褋褌20
14954;袚袗袪携效袗 GB/T 8162:2018 30褏 4 褋褌20
14837;袚袗袪携效袗 GB/T 8162:2018 89褏10 褋褌20
14838;袚袗袪携效袗 GB/T 8162:2018 83褏14 褋褌20
14125;GB/T 8162:2018 108褏 5 褋褌20
10555;袛小孝校 8938:2019 114褏 8 褋褌20
14587;袛小孝校 8938:2019 325褏14 褋褌20
6064;袚袨小孝 8732 203褏40 褋褌45
11744;袚袨小孝 8734 38褏 3 褋褌20
11985;袚袨小孝 8732 159褏 6 褋褌20
14914;袚袗袪携效袗 GB/T 8162:2018 89褏 4 褋褌20
10582;袛小孝校 8938:2019 32褏 3 褋褌20
13998;GB/T 8162:2018 48褏 8 褋褌20
13995;GB/T 8162:2018 30褏 5 褋褌20
10723;袛小孝校 8938:2019 133褏22 褋褌20
8255;孝褉褍斜邪 锌褉芯褎. 250褏150褏12 褋褌20
12524;袛小孝校 8939:2019 299褏35 褋褌45
13818;袛小孝校 8938:2019 140褏30 褋褌45
10519;袛小孝校 8938:2019 159褏 5 褋褌20
14188;袚袨小孝 8732 114褏 5 褋褌20
14000;GB/T 8162:2018 54褏 8 褋褌20
14409;袛小孝校 8938:2019 159褏20 褋褌35
14519;GB/T 8162:2018 40褏 3 褋褌20
7723;孝褉褍斜邪 锌褉芯褎. 140褏80褏 5 褋褌20
10576;袛小孝校 8938:2019 180褏 8 褋褌20
7742;孝褉褍斜邪 锌褉芯褎. 60褏40褏 5 褋褌09袚2小
10808;袛小孝校 8938:2019 89褏12 褋褌35
7590;孝褉褍斜邪 锌褉芯褎. 120褏40褏 6 褋褌20
13997;GB/T 8162:2018 36褏 4 褋褌20
10970;袛小孝校 8938:2019 127褏 5 褋褌20
8571;袩芯褉褨蟹泻邪 12 褉褨蟹 ( 蟹谐 袛袣袩袩 25.62.20-00.00)
10569;袛小孝校 8938:2019 159褏10 褋褌20
13827;GB/T 8162:2018 42褏 5 褋褌20
14057;GB/T 8162:2018 57褏 6 褋褌20
14833;袚袗袪携效袗 GB/T 8162:2018 102褏 6 褋褌20
14373;GB/T 8162:2018 36褏 8 褋褌20
14671;GB/T 8162:2018 21褏 5 褋褌20
14309;袚袨小孝 8732 273褏25 褋褌20
10739;袛小孝校 8938:2019 76褏 6 褋褌20
14905;袚袗袪携效袗 GB/T 8162:2018 57褏 6 褋褌20
14967;袚袗袪携效袗 GB/T 8162:2018 51褏 3 褋褌20
14921;袚袗袪携效袗 GB/T 8162:2018 28褏 7 褋褌45
10744;袛小孝校 8938:2019 426褏16 褋褌20
7745;孝褉褍斜邪 锌褉芯褎. 60褏40褏 6 褋褌20
12996;袩芯褉褨蟹泻邪 15 褉械蟹芯胁 ( 袛袣袩袩  25.62.20-00.00)
7527;孝褉褍斜邪 锌褉芯褎. 80褏80褏 5 褋褌20
7676;孝褉褍斜邪 锌褉芯褎. 200褏100褏 8 褋褌09袚2小
14201;GB/T 8162:2018 80褏 6 褋褌20
14634;GB/T 8162:2018 36褏 3 褋褌20
14766;袚袨小孝 8732 133褏12 褋褌20
11891;袛小孝校 8939:2019 127褏18 褋褌20
7541;孝褉褍斜邪 锌褉芯褎. 60褏60褏 4 褋褌09袚2小
10332;孝褉褍斜邪 锌褉芯褎. 70褏70褏 4 褋褌09袚2小
9003;袩芯褉褨蟹泻邪  3 褉褨蟹邪 ( 袛袣袩袩  25.62.20-00.00)
819;孝褉褍斜邪 锌褉芯褎. 200褏120褏 6 褋褌20
7585;孝褉褍斜邪 锌褉芯褎. 120褏60褏 8 褋褌20
7485;孝褉褍斜邪 锌褉芯褎. 150褏150褏12 褋褌20
10762;袛小孝校 8938:2019 152褏25 褋褌20
13994;GB/T 8162:2018 30褏 3 褋褌20
14656;GB/T 8162:2018 25褏 2 褋褌20
7561;孝褉褍斜邪 锌褉芯褎. 40褏40褏 4 褋褌09袚2小
14681;GB/T 8162:2018 121褏10 褋褌20
6477;袚袨小孝 8732 114褏28 褋褌45
11884;袛小孝校 8939:2019 102褏16 褋褌20
14824;袚袗袪携效袗 GB/T 8162:2018 80褏 4 褋褌20
14196;GB/T 8162:2018 25褏 5 褋褌20
11693;袚袨小孝 8734 22褏3 褋褌20
14812;袚袗袪携效袗 GB/T 8162:2018 36褏 4 褋褌20
7453;孝褉褍斜邪 锌褉芯褎. 100褏100褏 8 褋褌20
7704;孝褉褍斜邪 锌褉芯褎. 150褏100褏 5 褋褌20
14687;袛小孝校 8938:2019 180褏14 褋褌20
14791;袚袨小孝 8732 127褏10 褋褌20
14250;GB/T 8162:2018 48褏 4 褋褌20
10716;袛小孝校 8938:2019 121褏25 褋褌20
12248;袚袨小孝 8734 63褏 5 褋褌20
11726;袚袨小孝 8734 32褏 5 褋褌20
14162;袛小孝校 8938:2019 121褏 8 褋褌20
7653;孝褉褍斜邪 锌褉芯褎. 160褏120褏 5 褋褌20
14485;袛小孝校 8938:2019 70褏16 褋褌45
5737;袚袨小孝 8732 140褏10 褋褌20
7566;孝褉褍斜邪 锌褉芯褎. 40褏40褏 5 褋褌20
10485;袛小孝校 8938:2019 133褏22 褋褌35
7837;孝褉褍斜邪 锌褉芯褎. 303褏303褏10 褋褌09袚2小
7879;孝褉褍斜邪 锌褉芯褎. 403褏203褏10 褋褌09袚2小
8252;孝褉褍斜邪 锌褉芯褎. 250褏150褏10 褋褌09袚2小
14575;孝褉褍斜邪 锌褉芯褎. 200褏200褏10 褋褌S355J2H
14583;孝褉褍斜邪 锌褉芯褎. 250褏250褏10 褋褌S355J2H
10728;袛小孝校 8938:2019 76褏 3 褋褌20
11743;袚袨小孝 8734 38褏 2 褋褌20
7451;孝褉褍斜邪 锌褉芯褎. 100褏100褏 6 褋褌20
11856;袚袨小孝 8734 63褏 8 褋褌20
13806;GB/T 8162:2018 28褏 5 褋褌20
14818;袚袗袪携效袗 GB/T 8162:2018 48褏 6 褋褌20
7630;孝褉褍斜邪 锌褉芯褎. 70褏50褏 4 褋褌20
10972;袛小孝校 8938:2019 152褏 5 褋褌20
10837;袛小孝校 8938:2019 95褏 6 褋褌20
14653;GB/T 8162:2018 20褏 5 褋褌45
11800;袛小孝校 8939:2019 27褏 4 褋褌20
10938;袛小孝校 8938:2019 121褏30 褋褌35
7523;孝褉褍斜邪 锌褉芯褎. 80褏80褏 8 褋褌09袚2小
7724;孝褉褍斜邪 锌褉芯褎. 140褏80褏 6 褋褌20
11735;袚袨小孝 8734 35褏 5 褋褌10
11858;袚袨小孝 8734 65褏 6 褋褌20
7494;孝褉褍斜邪 锌褉芯褎. 160褏160褏12 褋褌20
11315;袛小孝校 8938:2019 325褏20 褋褌20
14417;GB/T 8162:2018 42褏10 褋褌20
14130;GB/T 8162:2018 25褏 4 褋褌20
11788;袛小孝校 8939:2019 18褏 2 褋褌20
7530;孝褉褍斜邪 锌褉芯褎. 80褏80褏 8 褋褌20
13992;GB/T 8162:2018 25褏 6 褋褌20
7120;袚袨小孝 8734 12褏 2 褋褌45
13807;GB/T 8162:2018 28褏 4 褋褌20
10710;袛小孝校 8938:2019 108褏20 褋褌20
14786;袛小孝校 8938:2019 140褏10 褋褌20
12047;袚袨小孝 8732 219褏30 褋褌20
10759;袛小孝校 8938:2019 146褏14 褋褌20
11064;袛小孝校 8939:2019 40褏 2 褋褌20
14809;袚袗袪携效袗 GB/T 8162:2018 32褏 2 褋褌20
7439;孝褉褍斜邪 锌褉芯褎. 120褏120褏 6 褋褌20
13767;孝褉褍斜邪 锌褉芯褎. 200褏150褏8 褋褌Q345B
13575;袛小孝校 8938:2019 133褏32 褋褌20
7548;孝褉褍斜邪 锌褉芯褎. 60褏60褏 5 褋褌35
14822;袚袗袪携效袗 GB/T 8162:2018 54褏12 褋褌20
15030;孝褉褍斜懈 褋褌邪谢褜薪褨 褏芯谢芯写薪芯写械褎芯褉屑芯胁邪薪褨 54褏12 褋褌20
11207;袛小孝校 8938:2019 70褏 5 褋褌20
11097;袛小孝校 8938:2019 245褏 7 褋褌20
10687;袛小孝校 8938:2019 273褏 7 褋褌20
14685;袛小孝校 8938:2019 168褏 6 褋褌20
14966;袚袗袪携效袗 GB/T 8162:2018 48褏 5 褋褌20
7633;孝褉褍斜邪 锌褉芯褎. 70褏50褏 6 褋褌20
14197;GB/T 8162:2018 27褏 2 褋褌20
11794;袛小孝校 8939:2019 20褏 4 褋褌20
10718;袛小孝校 8938:2019 127褏 6 褋褌20
14049;袛小孝校 8938:2019 63.5褏 6 褋褌20
13810;GB/T 8162:2018 50褏10 褋褌20
14790;袚袨小孝 8732 127褏 8 褋褌20
7555;孝褉褍斜邪 锌褉芯褎. 50褏50褏 6 褋褌20
13783;袛小孝校 8938:2019 95褏16 褋褌45
14829;袚袗袪携效袗 GB/T 8162:2018 42褏 6 褋褌20
11804;袛小孝校 8939:2019 28褏 6 褋褌20
6569;袚袨小孝 8732 102褏24 褋褌35
11796;袛小孝校 8939:2019 21褏 3 褋褌20
10584;袛小孝校 8938:2019 33.7褏 3 褋褌20
14274;GB/T 8162:2018 38褏 3 褋褌20
14017;袛小孝校 8938:2019 203褏10 褋褌20
8552;袩芯褉褨蟹泻邪 11 褉褨蟹芯胁 ( 蟹谐 袛袣袩袩 25.62.20-00.00)
11656;袚袨小孝 8732 38褏10 褋褌20
7632;孝褉褍斜邪 锌褉芯褎. 70褏50褏 5 褋褌20
10645;袛小孝校 8938:2019 76褏12 褋褌20
11461;袛小孝校 8938:2019 140褏22 褋褌20
11600;袛小孝校 8938:2019 83褏22 褋褌20
14487;袛小孝校 8938:2019 76褏20 褋褌20
14821;袚袗袪携效袗 GB/T 8162:2018 54褏 5 褋褌20
14884;袛小孝校 8938:2019 73褏20 褋褌20
13955;GB/T 8162:2018 57褏 8 褋褌20
7603;孝褉褍斜邪 锌褉芯褎. 100褏60褏 8 褋褌20
12369;袛小孝校 8938:2019 73褏16 褋褌45
12240;袚袨小孝 8734 57褏12 褋褌20
14876;袚袨小孝 8732 140褏 8 褋褌20
7610;孝褉褍斜邪 锌褉芯褎. 100褏50褏 8 褋褌20
13080;袩芯褉褨蟹泻邪 14 褉褨蟹 ( 蟹谐 袛袣袩袩 25.62.20-00.00)
5968;袚袨小孝 8732 180褏16 褋褌20
13713;袛小孝校 8938:2019 299褏60 褋褌45
14893;袛小孝校 8938:2019 325褏35 褋褌20
10771;袛小孝校 8938:2019 219褏45 褋褌20
10689;袛小孝校 8938:2019 299褏60 褋褌20
10873;袛小孝校 8938:2019 159褏36 褋褌20
11558;袛小孝校 8938:2019 273褏45 褋褌20
12041;袚袨小孝 8732 219褏10 褋褌20
12315;袛小孝校 8938:2019 203褏36 褋褌20
13769;袛小孝校 8938:2019 121褏30 褋褌20
13923;袛小孝校 8938:2019 245褏35 褋褌20
14213;袛小孝校 8938:2019 95褏22 褋褌20
14780;袛小孝校 8938:2019 140褏30 褋褌20
12991;袚袨小孝 8732 168褏12 褋褌20
13572;袚袨小孝 8732 159褏14 褋褌20
12958;袛小孝校 8938:2019 377褏75 褋褌20
14214;袛小孝校 8938:2019 299褏36 褋褌20
14898;袛小孝校 8938:2019 457褏40 褋褌20
7229;袚袨小孝 8734 48.3褏 4 褋褌20
9323;袚袨小孝 8732 219褏18 褋褌20
10791;袛小孝校 8938:2019 73褏 6 褋褌20
10840;袛小孝校 8938:2019 159褏22 褋褌20
10845;袛小孝校 8938:2019 273褏20 褋褌20
11154;袛小孝校 8938:2019 180褏22 褋褌20
11256;袛小孝校 8938:2019 180褏25 褋褌20
12257;袚袨小孝 8734 68褏 5 褋褌20
13828;GB/T 8162:2018 60褏 4 褋褌20
14281;袚袨小孝 8732 219褏18 褋褌20
14416;袛小孝校 8938:2019 194褏16 褋褌20
11281;袛小孝校 8938:2019 140褏14 褋褌20
14678;GB/T 8162:2018 68褏12 褋褌20
10968;袛小孝校 8938:2019 127褏 8 褋褌20
11203;袛小孝校 8938:2019 140褏12 褋褌20
12314;袛小孝校 8938:2019 203褏20 褋褌20
13751;袛小孝校 8938:2019 95褏14 褋褌20
14253;袛小孝校 8938:2019 152褏10 褋褌20
12034;袚袨小孝 8732 203褏50 褋褌45
14039;袛小孝校 8938:2019 180褏20 褋褌20
14072;袛小孝校 8938:2019 146褏16 褋褌20
14554;袛小孝校 8938:2019 180褏20 褋褌20
14421;GB/T 8162:2018 68褏14 褋褌20
15103;袚袗袪携效袗 GB/T 8162:2018 54褏10 褋褌20
12432;袛小孝校 8939:2019 133褏16 褋褌20
10561;袛小孝校 8938:2019 194褏25 褋褌20
10772;袛小孝校 8938:2019 245褏14 褋褌20
12327;袛小孝校 8938:2019 245褏20 褋褌20
14112;袛小孝校 8938:2019 194褏30 褋褌20
14165;袚袨小孝 8732 245褏14 褋褌20
14669;GB/T 8162:2018 89褏12 褋褌20
15044;袛小孝校 8938:2019 245褏55 褋褌20
11834;袚袨小孝 8734 102褏16 褋褌20
14895;袛小孝校 8938:2019 325褏60 褋褌20
14896;袛小孝校 8938:2019 351褏35 褋褌20
7359;袚袨小孝 8734 73褏 4 褋褌10
10457;袛小孝校 8938:2019 114褏12 褋褌35
7526;"孝褉褍斜邪 锌褉芯褎. 80褏80褏 4,5 褋褌20"
7744;孝褉褍斜邪 锌褉芯褎. 60褏40褏 5 褋褌20
14968;袚袗袪携效袗 GB/T 8162:2018 95褏 6 褋褌20
12708;袚袨小孝 8732 194褏40 褋褌20
14746;袛小孝校 8938:2019 159褏30 褋褌20
12212;袚袨小孝 8732 95褏16 褋褌35
7736;孝褉褍斜邪 锌褉芯褎. 140褏60褏 8 褋褌20
14643;GB/T 8162:2018 10褏 1.5 褋褌20
11853;袚袨小孝 8734 60褏10 褋褌20
13829;GB/T 8162:2018 60褏 5 褋褌20
11673;袚袨小孝 8734 10褏 3 褋褌20
10937;袛小孝校 8938:2019 219褏12 褋褌20
13970;GB/T 8162:2018 102褏 6 褋褌20
11101;袛小孝校 8938:2019 180褏12 褋褌20
11723;袚袨小孝 8734 32褏 3 褋褌20
13027;袛小孝校 8939:2019 27褏 3.2 褋褌20
14842;袚袗袪携效袗 GB/T 8162:2018 83褏 8 褋褌20
10701;袛小孝校 8938:2019 76褏10 褋褌35
11724;袚袨小孝 8734 32褏 4 褋褌20
11096;袛小孝校 8938:2019 108褏16 褋褌35
12404;袛小孝校 8939:2019 108褏16 褋褌45
13963;GB/T 8162:2018 60褏 6 褋褌20
11047;袛小孝校 8939:2019 10褏 1.5 褋褌20
11715;袚袨小孝 8734 28褏 3 褋褌20
14654;GB/T 8162:2018 21褏 2.5 褋褌20
10804;袛小孝校 8938:2019 121褏25 褋褌35
14523;GB/T 8162:2018 50褏 6 褋褌45
7671;孝褉褍斜邪 锌褉芯褎. 200褏160褏 6 褋褌20
12407;袛小孝校 8939:2019 108褏28 褋褌20
13993;GB/T 8162:2018 25褏 7 褋褌20
14532;GB/T 8162:2018 102褏 5 褋褌20
13990;GB/T 8162:2018 20褏 1.5 褋褌20
14647;GB/T 8162:2018 16褏 1.5 褋褌20
11792;袛小孝校 8939:2019 20褏 2 褋褌20
11327;袛小孝校 8938:2019 194褏 6 褋褌20
12122;袚袨小孝 8732 42褏 4.5 褋褌20
12536;袛小孝校 8939:2019 325褏45 褋褌20
13705;袛小孝校 8938:2019 133褏20 褋褌20
14630;GB/T 8162:2018 73褏 6 褋褌20
14019;袚袨小孝 8732 114褏10 褋褌20
14121;GB/T 8162:2018 38褏 8 褋褌20
14518;GB/T 8162:2018 32褏 8 褋褌20
14637;GB/T 8162:2018 102褏 8 褋褌20
13793;袚袨小孝 8732 114褏 6 褋褌20
14508;GB/T 8162:2018 152褏 6 褋褌20
11831;袚袨小孝 8732 630褏50 褋褌20
10574;袛小孝校 8938:2019 152褏 6 褋褌20
6213;袚袨小孝 8732 273褏30 褋褌20
6401;袚袨小孝 8732 377褏25 褋褌20
11349;袛小孝校 8938:2019 299褏25 褋褌20
11553;袛小孝校 8938:2019 232褏40 褋褌20
11889;袛小孝校 8939:2019 114褏25 褋褌20
12295;袛小孝校 8938:2019 133褏25 褋褌20
14308;袚袨小孝 8732 273褏22 褋褌20
15033;袛小孝校 8938:2019 194褏24 褋褌20
10592;袛小孝校 8938:2019 42褏 4 褋褌20
13898;GB/T 8162:2018 108褏 8 褋褌20
12344;袛小孝校 8938:2019 351褏45 褋褌20
14109;袛小孝校 8938:2019 102褏16 褋褌45
14003;GB/T 8162:2018 57褏 5 褋褌20
14120;GB/T 8162:2018 38褏 6 褋褌20
14904;袚袗袪携效袗 GB/T 8162:2018 57褏 5 褋褌20
10638;袛小孝校 8938:2019 273褏 8 褋褌20
11131;袛小孝校 8938:2019 325褏 8 褋褌20
7524;孝褉褍斜邪 锌褉芯褎. 80褏80褏10 褋褌09袚2小
7707;孝褉褍斜邪 锌褉芯褎. 150褏100褏10 褋褌20
11603;袛小孝校 8938:2019 89褏16 褋褌45
7717;孝褉褍斜邪 锌褉芯褎. 140褏120褏 5 褋褌20
14061;袛小孝校 8938:2019 83褏 6 褋褌09袚2小
12055;袚袨小孝 8732 245褏10 褋褌20
12906;袛小孝校 8939:2019 45褏 6 褋褌20
11260;袛小孝校 8938:2019 51褏 6 褋褌20
14139;GB/T 8162:2018 51褏10 褋褌20
14167;袛小孝校 8938:2019 245褏60 褋褌45
9630;袛小孝校 8938:2019 51褏 4 褋褌20
7604;孝褉褍斜邪 锌褉芯褎. 100褏50褏 5 褋褌09袚2小
14797;袚袗袪携效袗 GB/T 8162:2018 17褏 3 褋褌20
7520;孝褉褍斜邪 锌褉芯褎. 80褏80褏 4 褋褌09袚2小
7607;孝褉褍斜邪 锌褉芯褎. 100褏50褏 5 褋褌20
7677;孝褉褍斜邪 锌褉芯褎. 200褏100褏10 褋褌09袚2小
13927;袛小孝校 8938:2019 325褏10 褋褌20
14435;袛小孝校 8938:2019 219褏10 褋褌09袚2小
14645;GB/T 8162:2018 12褏 2 褋褌20
7705;孝褉褍斜邪 锌褉芯褎. 150褏100褏 6 褋褌20
10761;袛小孝校 8938:2019 152褏14 褋褌20
8244;孝褉褍斜邪 锌褉芯褎. 180褏80褏 5 褋褌20
14879;袛小孝校 8938:2019 83褏16 褋褌20
13796;袛小孝校 8939:2019 28褏 4 褋褌20
13812;GB/T 8162:2018 76褏 6 褋褌20
14913;袚袗袪携效袗 GB/T 8162:2018 76褏 6 褋褌20
14798;袚袗袪携效袗 GB/T 8162:2018 17褏 3.5 褋褌20
13962;GB/T 8162:2018 38褏 4 褋褌20
14962;袚袗袪携效袗 GB/T 8162:2018 70褏 8 褋褌20
14275;GB/T 8162:2018 45褏 4 褋褌20
14813;袚袗袪携效袗 GB/T 8162:2018 36褏 5 褋褌20
11005;袛小孝校 8938:2019 95褏12 褋褌20
13958;GB/T 8162:2018 65褏10 褋褌20
14953;袚袗袪携效袗 GB/T 8162:2018 30褏 2 褋褌20
11987;袚袨小孝 8732 159褏 8 褋褌20
10548;袛小孝校 8938:2019 219褏 8 褋褌20
10556;袛小孝校 8938:2019 89褏 6 褋褌20
10768;袛小孝校 8938:2019 219褏 6 褋褌20
7577;孝褉褍斜邪 锌褉芯褎. 120褏80褏 6 褋褌20
13730;袚袨小孝 8732 146褏 8 褋褌20
14661;GB/T 8162:2018 30褏 1.5 褋褌20
14641;GB/T 8162:2018 63褏 4 褋褌20
14845;袚袗袪携效袗 GB/T 8162:2018 63褏 4 褋褌20
7797;孝褉褍斜邪 锌褉芯褎. 61.5褏61.5褏 8 褋褌20
14527;GB/T 8162:2018 57褏 8 褋褌45
7649;孝褉褍斜邪 锌褉芯褎. 160褏120褏 5 褋褌09袚2小
10847;袛小孝校 8938:2019 140褏16 褋褌20
14815;袚袗袪携效袗 GB/T 8162:2018 40褏 1.5 褋褌20
14795;袚袗袪携效袗 GB/T 8162:2018 16褏 2 褋褌20
14651;GB/T 8162:2018 20褏 2.5 褋褌20
10760;袛小孝校 8938:2019 152褏12 褋褌20
14655;GB/T 8162:2018 25褏 1.5 褋褌20
11418;袛小孝校 8938:2019 63.5褏 3.5 褋褌20
10443;袛小孝校 8938:2019 133褏 6 褋褌20
10553;袛小孝校 8938:2019 102褏12 褋褌20
11492;1袛小孝校 8938:2019 108褏16 褋褌45
14871;袚袨小孝 8732 159褏18 褋褌20
11751;袚袨小孝 8734 38褏12 褋褌20
9569;袩芯褉褨蟹泻邪 32 褉褨蟹芯胁   (袛袣袩袩 25.62.20-00.00)
11746;袚袨小孝 8734 38褏 4 褋褌20
7434;孝褉褍斜邪 锌褉芯褎. 120褏120褏 6 褋褌09袚2小
7616;孝褉褍斜邪 锌褉芯褎. 80褏60褏 8 褋褌20
14504;GB/T 8162:2018 42褏 3.5 褋褌20
10609;袛小孝校 8938:2019 83褏18 褋褌35
10613;袛小孝校 8938:2019 83褏12 褋褌35
10807;袛小孝校 8938:2019 89褏10 褋褌35
14792;袚袗袪携效袗 GB/T 8162:2018 45褏10 褋褌45
14881;袛小孝校 8938:2019 83褏22 褋褌45
15029;孝褉褍斜懈 褋褌邪谢褜薪褨 褏芯谢芯写薪芯写械褎芯褉屑芯胁邪薪褨 50褏 6 褋褌 45
14591;袛小孝校 8938:2019 60褏14 褋褌20
12250;袚袨小孝 8734 63褏 9 褋褌20
14402;袛小孝校 8938:2019 180褏25 褋褌35
15104;袚袗袪携效袗  GB/T 8162:2018 60褏 8 褋褌20
11745;袚袨小孝 8734 38褏 3.5 褋褌20
10780;袛小孝校 8938:2019 351褏10 褋褌20
12053;袚袨小孝 8732 245褏 8 褋褌20
6256;袚袨小孝 8732 299褏10 褋褌20
10549;袛小孝校 8938:2019 245褏 8 褋褌20
13950;袛小孝校 8939:2019 30褏 5 褋褌20
14639;袛小孝校 8938:2019 108褏22 褋褌45
14107;袚袨小孝 8732 114褏 7 褋褌20
14505;GB/T 8162:2018 121褏 5 褋褌20
14520;GB/T 8162:2018 42褏 8 褋褌45
7598;孝褉褍斜邪 锌褉芯褎. 100褏60褏 6 褋褌09袚2小
7522;孝褉褍斜邪 锌褉芯褎. 80褏80褏 6 褋褌09袚2小
7625;孝褉褍斜邪 锌褉芯褎. 80褏40褏 6 褋褌20
10711;袛小孝校 8938:2019 108褏25 褋褌20
7474;孝褉褍斜邪 锌褉芯褎. 140褏140褏 9 褋褌35
14908;袚袗袪携效袗  GB/T 8162:2018 60褏 6 褋褌20
10642;袛小孝校 8938:2019 89褏10 褋褌20
8245;孝褉褍斜邪 锌褉芯褎. 180褏80褏 6 褋褌20
12414;袛小孝校 8939:2019 121褏 6 褋褌20
7011;袚袨小孝 8732 63.5褏 4 褋褌20
10770;袛小孝校 8938:2019 219褏36 褋褌20
14411;袛小孝校 8938:2019 273褏40 褋褌20
8243;孝褉褍斜邪 锌褉芯褎. 300褏200褏10 褋褌20
7740;孝褉褍斜邪 锌褉芯褎. 250褏110褏10 褋褌20
10565;袛小孝校 8938:2019 121褏20 褋褌20
14551;袛小孝校 8938:2019 168褏12 褋褌20
6626;袚袨小孝 8732 89褏 3.5 褋褌10
8558;袩芯褉褨蟹泻邪 25 褉褨蟹邪 ( 袛袣袩袩  25.62.20-00.00)
10593;袛小孝校 8938:2019 42褏 4.5 褋褌20
9527;袩芯褉褨蟹泻邪 54 褉褨蟹芯胁   (袛袣袩袩 25.62.20-00.00)
6316;袚袨小孝 8732 325褏25 褋褌20
14606;袛小孝校 8938:2019 325褏25 褋褌20
11102;袛小孝校 8938:2019 89褏14 褋褌35
14141;GB/T 8162:2018 57褏14 褋褌20
14200;GB/T 8162:2018 65褏12 褋褌20
7538;孝褉褍斜邪 锌褉芯褎. 70褏70褏 6 褋褌20
14498;GB/T 8162:2018 20褏 5 褋褌20
10699;袛小孝校 8938:2019 102褏 8 褋褌20
14759;袛小孝校 8938:2019 73褏 8 褋褌20
11865;袚袨小孝 8734 70褏11 褋褌20
6679;袚袨小孝 8732 89褏22 褋褌45
8247;孝褉褍斜邪 锌褉芯褎. 180褏80褏 8 褋褌20
12596;袛小孝校 8939:2019 68褏 8 褋褌20
5806;袚袨小孝 8732 146褏25 褋褌45
11878;袚袨小孝 8734 89褏20 褋褌20
14154;袛小孝校 8938:2019 83褏18 褋褌45
7623;孝褉褍斜邪 锌褉芯褎. 80褏40褏 5 褋褌20
11900;袛小孝校 8939:2019 57褏 4 褋褌20
7288;袚袨小孝 8734 51褏10 褋褌20
14388;袛小孝校 8938:2019 83褏16 褋褌45
14447;袛小孝校 8938:2019 121褏25 褋褌45
14839;袚袗袪携效袗 GB/T 8162:2018 76褏 8 褋褌20
13038;袨褉械薪写邪 褔邪褋褌懈薪懈 屑邪褌械褉褨邪谢褜薪芯谐芯 褋泻谢邪写褍 (泻邪锌褨褌邪谢褜薪懈泄 褋泻谢邪写)
13040;袨褉械薪写邪 胁褨写泻褉懈褌芯褩 锌谢芯褖邪写泻懈
14171;袨褉械薪写邪 褔邪褋褌懈薪懈 斜褍写褨胁谢褨 谐邪褉邪卸褍 (斜芯泻褋)
13041;袛芯锌芯屑褨卸薪褨 胁薪褍褌褉褨褕薪褜芯褋泻谢邪写褋褜泻褨 褉芯斜芯褌懈
14793;袚袗袪携效袗 GB/T 8162:2018 14褏 1.5 褋褌20
11397;袛小孝校 8938:2019 180褏 8 褋褌09袚2小
14207;GB/T 8162:2018 121褏 8 褋褌20
14890;袛小孝校 8938:2019 245褏40 褋褌20
10236;袛小孝校 8939:2019 22褏4 褋褌20
10456;袛小孝校 8938:2019 70褏 3.5 褋褌20
13892;GB/T 8162:2018 30褏 8 褋褌20
11243;袛小孝校 8938:2019 30褏 8 褋褌20
10700;袛小孝校 8938:2019 102褏 4 褋褌20
10787;袛小孝校 8938:2019 42褏 3 褋褌20
11722;袚袨小孝 8734 30褏 8 褋褌20
12948;袚袨小孝 8732 114褏12 褋褌20
13791;袚袨小孝 8732 159褏 4.5 褋褌20
14155;袛小孝校 8938:2019 102褏14 褋褌20
7290;袚袨小孝 8734 51褏12.5 褋褌20
11592;袛小孝校 8938:2019 70褏18 褋褌20
8253;孝褉褍斜邪 锌褉芯褎. 250褏150褏 8 褋褌20
7448;孝褉褍斜邪 锌褉芯褎. 100褏100褏 8 褋褌09袚2小
7554;孝褉褍斜邪 锌褉芯褎. 50褏50褏 5 褋褌20
7680;孝褉褍斜邪 锌褉芯褎. 200褏100褏10 褋褌20
7739;孝褉褍斜邪 锌褉芯褎. 250褏110褏 8 褋褌20
7984;孝褉褍斜邪 锌褉芯褎. 220褏100褏8 褋褌20
10446;袛小孝校 8938:2019 89褏12 褋褌20
11859;袚袨小孝 8734 68褏 8 褋褌20
11905;袛小孝校 8939:2019 89褏 8 褋褌20
14834;袚袗袪携效袗 GB/T 8162:2018 76褏 4 褋褌20
14841;袚袗袪携效袗 GB/T 8162:2018 73褏 8 褋褌20
14885;袛小孝校 8938:2019 89褏16 褋褌20
7608;孝褉褍斜邪 锌褉芯褎. 100褏50褏 6 褋褌20
15099;袚袗袪携效袗 GB/T 8162:2018 30褏 8 褋褌20
10489;袛小孝校 8938:2019 108褏22 褋褌35
11355;袛小孝校 8938:2019 299褏50 褋褌45
11838;袚袨小孝 8734 108褏22 褋褌20
13739;袛小孝校 8938:2019 95褏10 褋褌20
11048;袛小孝校 8939:2019 12褏 1.5 褋褌20
11815;袛小孝校 8939:2019 38褏 6 褋褌20
13020;袛小孝校 8939:2019 15褏 3 褋褌20
13843;"袛小孝校 8939:2019 42褏 3,5 褋褌20"
14127;GB/T 8162:2018 21褏 4 褋褌20
14134;GB/T 8162:2018 30褏 2.5 褋褌20
14500;GB/T 8162:2018 22褏 2 褋褌20
10719;袛小孝校 8938:2019 127褏12 褋褌20
11846;袚袨小孝 8734 220褏25 褋褌20
13879;袛小孝校 8938:2019 194褏14 褋褌20
5649;袚袨小孝 8732 127褏 5 褋褌20
14536;GB/T 8162:2018 133褏 4 褋褌20
14594;袛小孝校 8938:2019 108褏22 褋褌20
11786;袛小孝校 8939:2019 14褏 3 褋褌20
14210;袛小孝校 8938:2019 146褏20 褋褌20
8706;袩芯褉褨蟹泻邪 52 褉褨蟹芯胁   (袛袣袩袩 25.62.20-00.00)
9521;袩芯褉褨蟹泻邪 26 褉褨蟹芯胁   (袛袣袩袩 25.62.20-00.00)
11791;袛小孝校 8939:2019 18褏 5 褋褌20
13890;GB/T 8162:2018 18褏 5 褋褌20
14278;GB/T 8162:2018 73褏12  褋褌20
13919;袩芯褉褨蟹泻邪 64 褉褨蟹芯胁 ( 袛袣袩袩 25.62.20-00.00)
7592;孝褉褍斜邪 锌褉芯褎. 100褏80褏 6 褋褌09袚2小
7536;孝褉褍斜邪 锌褉芯褎. 70褏70褏 4 褋褌20
7574;孝褉褍斜邪 锌褉芯褎. 120褏80褏 8 褋褌09袚2小
10740;袛小孝校 8938:2019 245褏10 褋褌20
10781;袛小孝校 8938:2019 351褏12 褋褌20
11578;袛小孝校 8938:2019 508褏12 褋褌20
11898;袛小孝校 8939:2019 32褏 4 褋褌20
13847;袛小孝校 8938:2019 426褏20 褋褌20
14781;袛小孝校 8938:2019 180褏30 褋褌20
12311;袛小孝校 8938:2019 180褏25 褋褌20
10554;袛小孝校 8938:2019 159褏 6 褋褌20
12292;袛小孝校 8938:2019 133褏 5 褋褌20
13570;袛小孝校 8938:2019 114褏 4 褋褌20
8042;袚袨小孝 8732 406褏60 褋褌20
10590;袛小孝校 8938:2019 406褏60 褋褌20
5761;袚袨小孝 8732 140褏34 褋褌35
14303;袛小孝校 8938:2019 89褏11 褋褌20
11539;袛小孝校 8938:2019 159褏 5 褋褌20
14752;GB/T 8162:2018 114褏 4 褋褌20
14368;袛小孝校 8938:2019 140褏35 褋褌20
14765;袚袨小孝 8732 133褏10 褋褌20
10639;袛小孝校 8938:2019 108褏 8 褋褌20
11790;袛小孝校 8939:2019 18褏 4 褋褌20
9936;袛小孝校 8938:2019 114褏25 褋褌45
14483;袛小孝校 8938:2019 60褏16 褋褌20
14241;袛小孝校 8938:2019 152褏36 褋褌35
14835;袚袗袪携效袗 GB/T 8162:2018 50褏 3.5 褋褌20
10546;袛小孝校 8938:2019 108褏 6 褋褌20
14580;袛小孝校 8938:2019 299褏30 褋褌20
11665;袚袨小孝 8732 51褏 5 褋褌20
13661;袛小孝校 8938:2019 426褏36 褋褌20
11567;袛小孝校 8938:2019 325褏45 褋褌45
12355;袛小孝校 8938:2019 426褏18 褋褌20
14006;袛小孝校 8938:2019 89褏14 褋褌45
14138;GB/T 8162:2018 48褏10 褋褌20
11152;袛小孝校 8938:2019 33.7褏 4.5 褋褌20
6771;袚袨小孝 8732 73褏 4 褋褌10
12992;袚袨小孝 8732 168褏14 褋褌20
14956;袚袗袪携效袗 GB/T 8162:2018 36褏 8 褋褌20
14832;袚袗袪携效袗 GB/T 8162:2018 95褏12 褋褌20
11729;袚袨小孝 8734 32褏 8 褋褌45
7493;孝褉褍斜邪 锌褉芯褎. 160褏160褏10 褋褌20
7521;孝褉褍斜邪 锌褉芯褎. 80褏80褏 5 褋褌09袚2小
6005;袚袨小孝 8732 194褏14 褋褌20
14609;GB/T 8162:2018 45褏10 褋褌20
13920;袛小孝校 8938:2019 377褏30 褋褌20
14803;袚袗袪携效袗 GB/T 8162:2018 25褏 5 褋褌20
11006;袛小孝校 8938:2019 102褏10 褋褌20
7528;孝褉褍斜邪 锌褉芯褎. 80褏80褏 6 褋褌20
11862;袚袨小孝 8734 68褏14 褋褌20
12597;袛小孝校 8939:2019 68褏14 褋褌20
10729;袛小孝校 8938:2019 73褏 5 褋褌20
7534;孝褉褍斜邪 锌褉芯褎. 70褏70褏 5 褋褌09袚2小
7691;孝褉褍斜邪 锌褉芯褎. 180褏140褏 8 褋褌09袚2小
9415;孝褉褍斜邪 锌褉芯褎. 80褏60褏 6 褋褌09袚2小
7640;孝褉褍斜邪 锌褉芯褎. 160褏80褏 6 褋褌20
7683;孝褉褍斜邪 锌褉芯褎. 180褏100褏 8 褋褌09袚2小
7734;孝褉褍斜邪 锌褉芯褎. 140褏60褏 5 褋褌20
7688;孝褉褍斜邪 锌褉芯褎. 180褏100褏12 褋褌20
9882;孝褉褍斜邪 锌褉芯褎. 150褏100褏 5 褋褌09袚2小
11575;袛小孝校 8938:2019 42褏 3 褋褌20
11810;袛小孝校 8939:2019 32褏 5 褋褌20
10581;袛小孝校 8938:2019 57褏 5 褋褌20
13821;袛小孝校 8938:2019 140褏20 褋褌20
11353;袛小孝校 8938:2019 273褏36 褋褌20
10566;袛小孝校 8938:2019 159褏 8 褋褌20
12057;袚袨小孝 8732 245褏12 褋褌20
11789;袛小孝校 8939:2019 18褏 3 褋褌20
11569;袛小孝校 8938:2019 351褏40 褋褌20
12994;袛小孝校 8938:2019 48.3褏 2.6 褋褌20
14659;GB/T 8162:2018 28褏 1.5 褋褌20
8246;孝褉褍斜邪 锌褉芯褎. 180褏80褏 7 褋褌20
10611;袛小孝校 8938:2019 89褏 8 褋褌20
10588;袛小孝校 8938:2019 351褏40 褋褌20
12349;袛小孝校 8938:2019 377褏50 褋褌20
12548;袛小孝校 8939:2019 351褏50 褋褌20
14040;袛小孝校 8938:2019 180褏40 褋褌20
10707;袛小孝校 8938:2019 102褏20 褋褌20
10579;袛小孝校 8938:2019 325褏14 褋褌20
11464;袛小孝校 8938:2019 168褏18 褋褌20
14887;袛小孝校 8938:2019 102褏28 褋褌20
14418;GB/T 8162:2018 50褏12 褋褌20
14524;GB/T 8162:2018 50褏12 褋褌45
7725;孝褉褍斜邪 锌褉芯褎. 140褏80褏 8 褋褌20
7660;孝褉褍斜邪 锌褉芯褎. 200褏150褏 8 褋褌09袚2小
10763;袛小孝校 8938:2019 159褏 7 褋褌20
11605;袛小孝校 8939:2019 159褏 7 褋褌20
7115;孝褉褍斜邪 锌褉芯褎. 180褏60褏 6 褋褌20
12989;袛小孝校 8938:2019 76褏14 褋褌35
14012;袛小孝校 8938:2019 127褏30 褋褌20
14691;袛小孝校 8938:2019 95褏18 褋褌20
14971;袚袗袪携效袗 GB/T 8162:2018 152褏 5 褋褌20
7681;孝褉褍斜邪 锌褉芯褎. 200褏100褏12 褋褌20
11416;袛小孝校 8938:2019 60褏 6 褋褌20
10805;袛小孝校 8938:2019 133褏30 褋褌20
11750;袚袨小孝 8734 38褏10 褋褌20
12558;袛小孝校 8939:2019 38褏10 褋褌20
7594;孝褉褍斜邪 锌褉芯褎. 100褏80褏 6 褋褌20
14251;GB/T 8162:2018 50褏 5 褋褌20
11736;袚袨小孝 8734 35褏 5 褋褌20
6862;袚袨小孝 8732 60褏 5 褋褌10
14170;袛小孝校 8938:2019 219褏25 褋褌45
14199;GB/T 8162:2018 54褏14 褋褌20
10336;袛小孝校 8938:2019 194褏 8 褋褌20
14717;袛小孝校 8938:2019 194褏18 褋褌20
14957;袚袗袪携效袗 GB/T 8162:2018 40褏 6 褋褌20
11167;袛小孝校 8938:2019 152褏16 褋褌20
11199;袛小孝校 8938:2019 121褏14 褋褌20
13558;袛小孝校 8938:2019 121褏12 褋褌20
11864;袚袨小孝 8734 70褏10 褋褌20
7516;孝褉褍斜邪 锌褉芯褎. 90褏90褏 6 褋褌20
7576;孝褉褍斜邪 锌褉芯褎. 120褏80褏 5 褋褌20
7578;孝褉褍斜邪 锌褉芯褎. 120褏80褏 8 褋褌20
7639;孝褉褍斜邪 锌褉芯褎. 160褏80褏 5 褋褌20
11337;袛小孝校 8938:2019 73褏10 褋褌20
14405;GB/T 8162:2018 73褏10  褋褌20
7743;孝褉褍斜邪 锌褉芯褎. 60褏40褏 4 褋褌20
7712;孝褉褍斜邪 锌褉芯褎. 140褏100褏 6 褋褌20
7729;孝褉褍斜邪 锌褉芯褎. 160褏90褏 8 褋褌20
13895;GB/T 8162:2018 89褏 6 褋褌20
14607;袛小孝校 8938:2019 73褏16 褋褌20
11417;袛小孝校 8938:2019 219褏16 褋褌20
10766;袛小孝校 8938:2019 168褏14 褋褌20
13785;袛小孝校 8938:2019 127褏20 褋褌20
14808;袚袗袪携效袗 GB/T 8162:2018 28褏 8 褋褌20
11841;袚袨小孝 8734 160褏18 褋褌20
9777;袚袨小孝 8732 168褏40 褋褌45
10758;袛小孝校 8938:2019 146褏10 褋褌20
10803;袛小孝校 8938:2019 114褏20 褋褌35
14846;袚袗袪携效袗 GB/T 8162:2018 27褏 2.5 褋褌20
6147;袚袨小孝 8732 245褏16 褋褌20
14668;GB/T 8162:2018 48褏 6 褋褌20
14778;袛小孝校 8938:2019 89褏20 褋褌20
7947;袚袨小孝 8734 15褏4.5 褋褌10
14018;袚袨小孝 8732 114褏 8 褋褌20
7551;孝褉褍斜邪 锌褉芯褎. 50褏50褏 5 褋褌09袚2小
7647;孝褉褍斜邪 锌褉芯褎. 160褏100褏6 褋褌20
14788;袛小孝校 8938:2019 114褏28 褋褌20
7685;孝褉褍斜邪 锌褉芯褎. 180褏100褏 6 褋褌20
13057;袩芯褉褨蟹泻邪 44 褉褨蟹芯胁   (袛袣袩袩 25.62.20-00.00)
8218;孝褉褍斜邪 锌褉芯褎. 150褏80褏 8 褋褌20
8513;袩芯褉褨蟹泻邪  1 褉褨蟹 ( 蟹谐 袛袣袩袩 25.62.20-00.00)
6045;袚袨小孝 8732 203褏28 褋褌20
11978;袚袨小孝 8732 152褏 8 褋褌20
12449;袛小孝校 8939:2019 159褏25 褋褌20
13741;袛小孝校 8938:2019 168褏28 褋褌20
14495;袛小孝校 8938:2019 140褏20 褋褌20
14959;袚袗袪携效袗 GB/T 8162:2018 63褏12 褋褌20
10568;袛小孝校 8938:2019 219褏14 褋褌20
11216;袛小孝校 8938:2019 194褏12 褋褌20
7615;孝褉褍斜邪 锌褉芯褎. 80褏60褏 6 褋褌20
13789;袛小孝校 8938:2019 127褏22 褋褌20
14150;GB/T 8162:2018 95褏14 褋褌20
15097;袚袗袪携效袗 GB/T 8162:2018 16褏 4 褋褌20
7207;袚袨小孝 8734 35褏 5 褋褌20
13586;袛小孝校 8938:2019 273褏30 褋褌20
6263;袚袨小孝 8732 299褏18 褋褌20
12271;袚袨小孝 8734 89褏18 褋褌20
10788;袛小孝校 8938:2019 42褏 3.5 褋褌20
14747;袚袨小孝 8732 133褏 5 褋褌20
10050;袚袨小孝 8732 21褏 3 褋褌20
12079;袚袨小孝 8732 325褏10 褋褌20
14215;袛小孝校 8938:2019 168褏12 褋褌09袚2小
11773;袚袨小孝 8734 50褏 8 褋褌20
14455;袛小孝校 8938:2019 325褏10 褋褌20
10608;袛小孝校 8938:2019 83褏14 褋褌35
13887;袛小孝校 8938:2019 76褏16 褋褌45
11117;袛小孝校 8938:2019 426褏12 褋褌20
12990;袛小孝校 8938:2019 299褏 8 褋褌20
10743;袛小孝校 8938:2019 377褏 9 褋褌20
14892;袛小孝校 8938:2019 273褏40 褋褌20
14891;袛小孝校 8938:2019 245褏45 褋褌20
11860;袚袨小孝 8734 68褏10 褋褌20
14381;袛小孝校 8938:2019 127褏25 褋褌20
14886;袛小孝校 8938:2019 95褏18 褋褌20
14603;袛小孝校 8938:2019 245褏50 褋褌20
14900;袛小孝校 8938:2019 530褏35 褋褌20
14677;GB/T 8162:2018 68褏 4 褋褌20
14843;袚袗袪携效袗 GB/T 8162:2018 83褏 3.5 褋褌20
14910;袚袗袪携效袗 GB/T 8162:2018 73褏 4 褋褌20
7511;孝褉褍斜邪 锌褉芯褎. 200褏200褏12 褋褌20
13000;袛小孝校 8938:2019 168褏40 褋褌20
13606;袛小孝校 8938:2019 127褏18 褋褌45
12030;袚袨小孝 8732 194褏40 褋褌45
13854;袛小孝校 8938:2019 194褏30 褋褌45
14805;袚袗袪携效袗 GB/T 8162:2018 26褏 3 褋褌20
5939;袚袨小孝 8732 168褏28 褋褌35
10693;袛小孝校 8938:2019 114褏28 褋褌35
12204;袚袨小孝 8732 89褏18 褋褌35
14164;袛小孝校 8938:2019 245褏25 褋褌45
15034;袛小孝校 8732 194褏40 褋褌35
14492;袛小孝校 8938:2019 102褏20 褋褌20
11777;袚袨小孝 8734 57褏 4 褋褌20
11814;袛小孝校 8939:2019 38褏 4 褋褌20
14628;袚袨小孝 8732 133褏 6 褋褌20
14605;袛小孝校 8938:2019 299褏50 褋褌20
7643;孝褉褍斜邪 锌褉芯褎. 160褏80褏10 褋褌35
14056;GB/T 8162:2018 45褏 3 褋褌20
14004;GB/T 8162:2018 83褏 8 褋褌20
14249;GB/T 8162:2018 32褏 4 褋褌20
12068;袚袨小孝 8732 273褏18 褋褌20
11747;袚袨小孝 8734 38褏 5 褋褌20
13799;GB/T 8162:2018 80褏 8 褋褌20
9270;孝褉褍斜邪 锌褉芯褎. 70褏70褏 6 褋褌09袚2小
14522;GB/T 8162:2018 48褏12 褋褌20
14598;袛小孝校 8938:2019 127褏16 褋褌20
14912;袚袗袪携效袗 GB/T 8162:2018 73褏 6 褋褌20
14234;袛小孝校 8938:2019 89褏 7 褋褌20
820;孝褉褍斜邪 锌褉芯褎. 200褏120褏 8 褋褌20
11003;袛小孝校 8938:2019 114褏 7 褋褌20
13835;袛小孝校 8939:2019 21褏 2 褋褌20
13946;袛小孝校 8939:2019 25褏 2 褋褌20
12388;袛小孝校 8938:2019 95褏25 褋褌45
10695;袛小孝校 8938:2019 32褏 4.5 褋褌20
12036;袚袨小孝 8732 219褏 6 褋褌20
7596;孝褉褍斜邪 锌褉芯褎. 100褏80褏10 褋褌20
9225;孝褉褍斜邪 锌褉芯褎. 150褏50褏 5 褋褌20
6790;袚袨小孝 8732 73褏15 褋褌20
7480;孝褉褍斜邪 锌褉芯褎. 150褏150褏10 褋褌09袚2小
7550;孝褉褍斜邪 锌褉芯褎. 50褏50褏 4 褋褌09袚2小
12421;袛小孝校 8939:2019 127褏16 褋褌20
10643;袛小孝校 8938:2019 426褏10 褋褌20
10585;袛小孝校 8938:2019 33.7褏 4 褋褌20
10487;袛小孝校 8938:2019 89褏22 褋褌35
14353;袛小孝校 8938:2019 406褏25 褋褌20
14820;袚袗袪携效袗 GB/T 8162:2018 54褏 3 褋褌20
11463;袛小孝校 8938:2019 273褏12 褋褌20
11051;袛小孝校 8939:2019 18褏 1.5 褋褌20
14526;GB/T 8162:2018 54褏12 褋褌20
7600;孝褉褍斜邪 锌褉芯褎. 100褏60褏 4 褋褌20
8516;袩芯褉褨蟹泻邪  7 褉褨蟹芯胁 ( 袛袣袩袩 25.62.20-00.00)
7642;孝褉褍斜邪 锌褉芯褎. 160褏80褏10 褋褌20
7846;孝褉褍斜邪 锌褉芯褎. 220褏140褏 6 褋褌20
7848;孝褉褍斜邪 锌褉芯褎. 220褏140褏 8 褋褌20
8124;孝褉褍斜邪 锌褉芯褎. 310褏210褏8 褋褌20
13017;孝褉褍斜邪 锌褉芯褎. 100褏100褏 6 褋褌Q345B
10647;袛小孝校 8938:2019 48.3褏 3 褋褌20
10008;袚袨小孝 8734 89褏 8 褋褌20
12576;袛小孝校 8939:2019 57褏 5 褋褌20
7564;孝褉褍斜邪 锌褉芯褎. 40褏40褏 4 褋褌20
11872;袚袨小孝 8734 76褏16 褋褌20
14413;孝褉褍斜邪 锌褉芯褎. 150褏100褏 8 褋褌Q345B
10580;袛小孝校 8938:2019 32褏 2.6 褋褌20
14484;袛小孝校 8938:2019 68褏16 褋褌20
11795;袛小孝校 8939:2019 20褏 6 褋褌20
10881;袛小孝校 8938:2019 133褏25 褋褌20
14538;GB/T 8162:2018 146褏 5 褋褌20
11479;袛小孝校 8938:2019 159褏12 褋褌20
12334;袛小孝校 8938:2019 273褏50 褋褌20
15054;袛小孝校 8938:2019 299褏55 褋褌20
5791;袚袨小孝 8732 146褏30 褋褌20
9224;袚袨小孝 8732 168褏36 褋褌45
10869;袛小孝校 8938:2019 95褏20 褋褌20
12459;袛小孝校 8939:2019 180褏18 褋褌20
12498;袛小孝校 8939:2019 245褏35 褋褌45
8625;袩芯褉褨蟹泻邪 18 褉械蟹芯胁 ( 蟹谐 袛袣袩袩 25.62.20-00.00)
7531;孝褉褍斜邪 锌褉芯褎. 80褏80褏10 褋褌20
12345;袛小孝校 8938:2019 351褏60 褋褌20
14555;袛小孝校 8938:2019 219褏45 褋褌20
7583;孝褉褍斜邪 锌褉芯褎. 120褏60褏 5 褋褌20
7545;孝褉褍斜邪 锌褉芯褎. 60褏60褏 5 褋褌20
12353;袛小孝校 8938:2019 406褏16 褋褌20
14638;袛小孝校 8938:2019 146褏18 褋褌20
8482;孝褉褍斜邪 锌褉芯褎. 200褏80褏 6 褋褌20
11658;袚袨小孝 8732 45褏 4 褋褌20
10939;袛小孝校 8938:2019 133褏 8 褋褌20
12342;袛小孝校 8938:2019 325褏40 褋褌45
10865;袛小孝校 8938:2019 203褏45 褋褌20
11582;袛小孝校 8938:2019 530褏 8 褋褌20
12126;袚袨小孝 8732 457褏12 褋褌20
12039;袚袨小孝 8732 219褏 8 褋褌20
14745;袛小孝校 8938:2019 121褏 6 褋褌20
10299;袛小孝校 8938:2019 406褏10 褋褌20
14844;袚袗袪携效袗 GB/T 8162:2018 63褏 6 褋褌20
14817;袚袗袪携效袗 GB/T 8162:2018 40褏10 褋褌20
7693;孝褉褍斜邪 锌褉芯褎. 180褏140褏 8 褋褌20
10714;袛小孝校 8938:2019 114褏16 褋褌35
14433;袛小孝校 8938:2019 273褏10 褋褌20
10004;孝褉褍斜邪 械谢械泻褌褉芯蟹胁邪褉薪邪 530褏10 S235JR
7684;孝褉褍斜邪 锌褉芯褎. 180褏100褏10 褋褌09袚2小
14923;孝褉褍斜邪 锌褉芯褎. 200褏150褏10 褋褌S355J2H
9617;袛小孝校 8938:2019 377褏12 褋褌20
14058;GB/T 8162:2018 83褏 4 褋褌20
14444;孝褉褍斜邪 锌褉芯褎. 250褏150褏10 褋褌S355J2H
12321;袛小孝校 8938:2019 219褏30 褋褌45
11990;袚袨小孝 8732 159褏14 褋褌35
14963;袚袗袪携效袗 GB/T 8162:2018 70褏14  褋褌20
14499;GB/T 8162:2018 21褏 1.5 褋褌20
14802;袚袗袪携效袗 GB/T 8162:2018 24褏 4 褋褌20
10747;袛小孝校 8938:2019 168褏 8 褋褌09袚2小
14481;袛小孝校 8938:2019 530褏16 褋褌20
7641;孝褉褍斜邪 锌褉芯褎. 160褏80褏 8 褋褌20
7552;孝褉褍斜邪 锌褉芯褎. 50褏50褏 6 褋褌09袚2小
11748;袚袨小孝 8734 38褏 6 褋褌20
12259;袚袨小孝 8734 68褏 9 褋褌20
15107;袚袗袪携效袗 GB/T 8162:2018 80褏12 褋褌20
10692;袛小孝校 8938:2019 127褏14 褋褌20
10500;袛小孝校 8938:2019 45褏 5 褋褌20
10559;袛小孝校 8938:2019 273褏42 褋褌20
13605;袛小孝校 8938:2019 121褏14 褋褌45
14371;GB/T 8162:2018 27褏 6 褋褌20
8699;袩芯褉褨蟹泻邪 17 褉械蟹芯胁 ( 蟹谐 袛袣袩袩 25.62.20-00.00)
12553;袛小孝校 8939:2019 36褏10 褋褌20
12082;袚袨小孝 8732 325褏40 褋褌20
7509;孝褉褍斜邪 锌褉芯褎. 200褏200褏 8 褋褌20
11394;袛小孝校 8938:2019 133褏16 褋褌35
10776;袛小孝校 8938:2019 245褏30 褋褌45
11326;袛小孝校 8938:2019 159褏32 褋褌35
12328;袛小孝校 8938:2019 245褏30 褋褌45
14445;袛小孝校 8938:2019 152褏20 褋褌45
10754;袛小孝校 8938:2019 140褏20 褋褌45
12471;袛小孝校 8939:2019 203褏35 褋褌45
12542;袛小孝校 8939:2019 34褏 8 褋褌20
14608;GB/T 8162:2018 34褏 8 褋褌20
8648;袩芯褉褨蟹泻邪 24 褉褨蟹邪 ( 袛袣袩袩  25.62.20-00.00)
12604;袛小孝校 8939:2019 76褏 3.5 褋褌20
10741;袛小孝校 8938:2019 219褏10 褋褌20
13763;袚袨小孝 8732 219褏10 褋褌20
14823;袚袗袪携效袗 GB/T 8162:2018 65褏 8 褋褌20
10442;袛小孝校 8938:2019 152褏25 褋褌35
13909;袛小孝校 8938:2019 152褏18 褋褌20
12961;袛小孝校 8938:2019 180褏 6 褋褌Q345B
13657;袛小孝校 8938:2019 219褏36 褋褌45
8216;孝褉褍斜邪 锌褉芯褎. 150褏80褏 5 褋褌20
10045;孝褉褍斜邪 锌褉芯褎. 100褏70褏 5 褋褌17袚1小
7502;孝褉褍斜邪 锌褉芯褎. 180褏180褏 8 褋褌20
14391;孝褉褍斜邪 锌褉芯褎. 200褏200褏 8 褋褌Q345B
14749;袚袨小孝 8732 219褏 6 褋褌20
7076;袚袨小孝 8732 60.3褏 5 褋褌17袚1小
10517;袛小孝校 8938:2019 146褏 8 褋褌20
10708;袛小孝校 8938:2019 102褏24 褋褌35
13647;袛小孝校 8938:2019 102褏24 褋褌20
11902;袛小孝校 8939:2019 76褏 4 褋褌20
7838;孝褉褍斜邪 锌褉芯褎. 303褏303褏10 褋褌20
15053;袛小孝校 8938:2019 133褏25褋褌45
9618;袛小孝校 8938:2019 377褏10 褋褌20
10614;袛小孝校 8938:2019 108褏 5 褋褌20
12206;袚袨小孝 8732 89褏22 褋褌45
12299;袛小孝校 8938:2019 140褏28 褋褌45
12483;袛小孝校 8939:2019 219褏36 褋褌45
10651;袛小孝校 8938:2019 32褏 4 褋褌20
5674;袚袨小孝 8732 127褏12 褋褌35
14744;袛小孝校 8938:2019 273褏16 褋褌20
5821;袚袨小孝 8732 152褏 8 褋褌20
11851;袚袨小孝 8734 57褏10 褋褌20
13729;袚袨小孝 8732 127褏 6 褋褌20
14814;袚袗袪携效袗 GB/T 8162:2018 36褏 6 褋褌20
11280;袛小孝校 8938:2019 140褏 8 褋褌20
14660;GB/T 8162:2018 28褏 2 褋褌20
11541;袛小孝校 8938:2019 159褏10 褋褌20
14521;GB/T 8162:2018 42褏12 褋褌20
10774;袛小孝校 8938:2019 245褏30 褋褌20
13925;袛小孝校 8938:2019 194褏35 褋褌20
12062;袚袨小孝 8732 273褏 8 褋褌20
13559;袛小孝校 8938:2019 168褏 5 褋褌20
6070;袚袨小孝 8732 219褏 6 褋褌09袚2小
7818;袚袨小孝 8734 21褏 2.5 褋褌20
11731;袚袨小孝 8734 34褏 3 褋褌20
11819;袛小孝校 8939:2019 42褏 4 褋褌20
14114;袛小孝校 8939:2019 27褏 2.5 褋褌20
6199;袚袨小孝 8732 273褏12 褋褌20
13817;袛小孝校 8938:2019 168褏24 褋褌20
12120;袚袨小孝 8732 426褏45 褋褌20
7569;孝褉褍斜邪 锌褉芯褎. 120褏100褏 6 褋褌20
14403;袛小孝校 8938:2019 159褏25 褋褌35
11062;袛小孝校 8939:2019 38褏 1.5 褋褌20
14111;"孝褉褍斜懈 褋褌邪谢械胁褨 斜械蟹褕芯胁薪褨 薪邪褋芯褋薪芯-泻芯屑锌褉械褋芯褉薪褨 蟹 谐谢邪写泻懈屑懈 泻褨谢褜褑褟屑懈 斜械蟹 屑褍褎褌 屑/褋 30袚2-袉袉 (UPG.J55) API Spec 5小孝, 11th edition, Dec 2023 88.90褏6,45 R2 PE"
14428;"孝褉褍斜懈 褋褌邪谢械胁褨 斜械蟹褕芯胁薪褨 芯斜褋邪写薪褨 蟹 谐谢邪写泻懈屑懈 泻褨谢褜褑褟屑懈 斜械蟹 屑褍褎褌 屑/褋 26袚2孝袪 API Spec 5小孝, 11th edition, Dec 2023 139,70x9,17 R3 PE"
11386;袛小孝校 8938:2019 28褏 4 褋褌20
11820;袛小孝校 8939:2019 42褏 5 褋褌20
14964;袚袗袪携效袗 GB/T 8162:2018 83褏10 褋褌20
7442;孝褉褍斜邪 锌褉芯褎. 120褏120褏10 褋褌20
7718;孝褉褍斜邪 锌褉芯褎. 140褏120褏 6 褋褌20
9223;袚袨小孝 8732 152褏22 褋褌20
12303;袛小孝校 8938:2019 152褏20 褋褌20
13561;袛小孝校 8938:2019 273褏10 褋褌20
6091;袚袨小孝 8732 219褏20 褋褌20
14480;袛小孝校 8938:2019 530褏12 褋褌20
14595;袛小孝校 8938:2019 114褏16 褋褌20
10855;袛小孝校 8938:2019 325褏50 褋褌20
14042;袛小孝校 8938:2019 108褏14 褋褌20
14535;GB/T 8162:2018 127褏 5 褋褌20
10383;袛小孝校 8938:2019 102褏16 褋褌35
6647;袚袨小孝 8732 89褏10 褋褌20
13576;袛小孝校 8938:2019 102褏14 褋褌35
13734;袛小孝校 8938:2019 89褏12 褋褌45
10731;袛小孝校 8938:2019 203褏50 褋褌20
14053;GB/T 8162:2018 83褏 5 褋褌20
10977;袛小孝校 8938:2019 377褏14 褋褌20
11816;袛小孝校 8939:2019 40褏 3 褋褌20
15028;袛小孝校 8938:2019 42褏 5 褋褌20
12547;袛小孝校 8939:2019 351褏45 褋褌45
15036;袛小孝校 8938:2019 273褏28 褋褌20
12354;袛小孝校 8938:2019 406褏40 褋褌20
7467;孝褉褍斜邪 锌褉芯褎. 140褏140褏12 褋褌09袚2小
8612;袩芯褉褨蟹泻邪 13 褉褨蟹 ( 蟹谐 袛袣袩袩 25.62.20-00.00)
7542;孝褉褍斜邪 锌褉芯褎. 60褏60褏 5 褋褌09袚2小
7721;孝褉褍斜邪 锌褉芯褎. 140褏80褏 6 褋褌09袚2小
7730;孝褉褍斜邪 锌褉芯褎. 210褏100褏 6 褋褌09袚2小
14166;袛小孝校 8938:2019 426褏25 褋褌20
7489;孝褉褍斜邪 锌褉芯褎. 160褏160褏10 褋褌09袚2小
5979;袚袨小孝 8732 180褏45 褋褌20
10601;袛小孝校 8938:2019 60褏 3.5 褋褌20
15088;袛小孝校 8938:2019 63.5褏 4 褋褌20
11392;袛小孝校 8938:2019 114褏 5 褋褌20
14404;GB/T 8162:2018 63褏 3.5 褋褌20
7696;孝褉褍斜邪 锌褉芯褎. 100褏70褏 5 褋褌09袚2小
13804;GB/T 8162:2018 89褏10 褋褌20
7435;孝褉褍斜邪 锌褉芯褎. 120褏120褏 8 褋褌09袚2小
15102;袚袗袪携效袗 GB/T 8162:2018 54褏 6 褋褌20
7877;孝褉褍斜邪 锌褉芯褎. 51褏41褏 4 褋褌20
7505;孝褉褍斜邪 锌褉芯褎. 180褏180褏10 褋褌35
14511;袛小孝校 8938:2019 426褏60 褋褌20
11114;袛小孝校 8938:2019 83褏 5 褋褌20
13630;袛小孝校 8939:2019 57褏 3 褋褌20
11356;袛小孝校 8938:2019 203褏50 褋褌45
14280;袚袨小孝 8732 168褏10 褋褌20
10499;袛小孝校 8938:2019 38褏 2.6 褋褌20
14955;袚袗袪携效袗 GB/T 8162:2018 36褏 3 褋褌20
14825;袚袗袪携效袗 GB/T 8162:2018 80褏 6 褋褌20
13894;GB/T 8162:2018 60褏 3.5 褋褌20
14755;GB/T 8162:2018 21褏 2 褋褌20
10486;孝褉褍斜邪 锌褉芯褎. 140褏60褏 4 褋褌20
14883;袛小孝校 8938:2019 121褏18 褋褌20
7698;孝褉褍斜邪 锌褉芯褎. 100褏70褏 5 褋褌20
14406;GB/T 8162:2018 89褏 8 褋褌20
7289;袚袨小孝 8734 51褏12 褋褌20
14779;袛小孝校 8938:2019 127褏30 褋褌20
6612;袚袨小孝 8732 95褏11 褋褌35
9942;袛小孝校 8938:2019 89褏18 褋褌20
14570;EN 10210-1:2006 298.5褏10 褋褌S355J2H
12409;袛小孝校 8939:2019 108褏30 褋褌45
14849;袛小孝校 8938:2019 108褏 6 褋褌09袚2小
7114;孝褉褍斜邪 锌褉芯褎. 180褏60褏 6 褋褌09袚2小
11583;袛小孝校 8938:2019 530褏10 褋褌20
15049;袛小孝校 8938:2019 121褏30 褋褌45
10748;袛小孝校 8938:2019 45褏 4 褋褌20
13043;袩芯褉褨蟹泻邪 30 褉褨蟹芯胁   (袛袣袩袩 25.62.20-00.00)
15045;袛小孝校 8938:2019 299褏20 褋褌20
10686;袛小孝校 8938:2019 57褏 3 褋褌20
7567;孝褉褍斜邪 锌褉芯褎. 40褏40褏 6 褋褌20
7620;孝褉褍斜邪 锌褉芯褎. 80褏40褏 5 褋褌09袚2小
7433;孝褉褍斜邪 锌褉芯褎. 120褏120褏 5 褋褌09袚2小
7514;孝褉褍斜邪 锌褉芯褎. 90褏90褏 6 褋褌09袚2小
7560;孝褉褍斜邪 锌褉芯褎. 40褏40褏 3 褋褌09袚2小
13573;孝褉褍斜邪 锌褉芯褎. 100褏50褏 8 褋褌09袚2小
14071;袛小孝校 8938:2019 140褏25 褋褌45
10786;袛小孝校 8938:2019 426褏14 褋褌20
14688;袛小孝校 8938:2019 146褏 5 褋褌20
12555;袛小孝校 8939:2019 377褏40 褋褌20
10031;袛小孝校 8938:2019 108褏16 褋褌45
10691;袛小孝校 8938:2019 108褏28 褋褌35
6425;袚袨小孝 8732 377褏36 褋褌45
13712;袛小孝校 8938:2019 426褏32 褋褌45
13770;袛小孝校 8938:2019 377褏60 褋褌45
7018;袚袨小孝 8732 63.5褏 8 褋褌20
10752;袛小孝校 8938:2019 140褏 6 褋褌20
10570;袛小孝校 8938:2019 133褏10 褋褌20
10975;袛小孝校 8938:2019 219褏18 褋褌20
10397;袛小孝校 8938:2019 159褏18 褋褌35
5895;袚袨小孝 8732 159褏20 褋褌45
5949;袚袨小孝 8732 168褏32 褋褌45
12365;袛小孝校 8938:2019 63褏16 褋褌20
14573;孝褉褍斜邪 锌褉芯褎. 180褏180褏10 褋褌S355J2H
13766;孝褉褍斜邪 锌褉芯褎. 200褏150褏10 褋褌Q345B
11861;袚袨小孝 8734 68褏12 褋褌20
11765;袚袨小孝 8734 45褏 6 褋褌20
10713;袛小孝校 8938:2019 114褏16 褋褌20
7565;"孝褉褍斜邪 锌褉芯褎. 40褏40褏 4,5 褋褌20"
8220;孝褉褍斜邪 锌褉芯褎. 110褏60褏 4 褋褌20
6077;袚袨小孝 8732 219褏 7 褋褌20
13975;GB/T 8162:2018 159褏10 褋褌20
14903;袚袨小孝 8732 146褏10 褋褌20
11218;袛小孝校 8938:2019 83褏 6 褋褌20
8550;袩袨袚袪校袟袣袗-袙袠袚袪校袟袣袗
14474;袛小孝校 8938:2019 325褏30 褋褌45
11576;袛小孝校 8938:2019 457褏60 褋褌20
12341;袛小孝校 8938:2019 325褏30 褋褌20
14489;袛小孝校 8938:2019 83褏25 褋褌20
11678;袚袨小孝 8734 16褏 5 褋褌20
14131;GB/T 8162:2018 25褏 4.5 褋褌20
5640;袚袨小孝 8732 121褏30 褋褌45
14494;袛小孝校 8938:2019 121褏30 褋褌45
14449;袛小孝校 8938:2019 127褏25 褋褌45
12066;袚袨小孝 8732 273褏14 褋褌20
14252;GB/T 8162:2018 51褏 4 褋褌20
14922;袚袗袪携效袗 GB/T 8162:2018 57褏10 褋褌20
7648;孝褉褍斜邪 锌褉芯褎. 160褏100褏8 褋褌20
11963;袚袨小孝 8732 140褏24 褋褌20
7595;孝褉褍斜邪 锌褉芯褎. 100褏80褏 8 褋褌20
11807;袛小孝校 8939:2019 32褏 2 褋褌20
8241;孝褉褍斜邪 锌褉芯褎. 300褏200褏 8 褋褌20
12575;袛小孝校 8939:2019 57褏 4.5 褋褌20
7741;孝褉褍斜邪 锌褉芯褎. 60褏40褏 4 褋褌09袚2小
8214;孝褉褍斜邪 锌褉芯褎. 180褏75褏 8 褋褌20
7687;孝褉褍斜邪 锌褉芯褎. 180褏100褏10 褋褌20
7563;孝褉褍斜邪 锌褉芯褎. 40褏40褏 3 褋褌20
8250;孝褉褍斜邪 锌褉芯褎. 180褏150褏12 褋褌20
7010;袚袨小孝 8732 63.5褏 3.5 褋褌20
9222;袚袨小孝 8732 140褏34 褋褌20
12073;袚袨小孝 8732 299褏14 褋褌20
12572;袛小孝校 8939:2019 50褏12 褋褌20
11664;袚袨小孝 8732 50褏12 褋褌20
11774;袚袨小孝 8734 50褏12 褋褌20
5985;袚袨小孝 8732 180褏40 褋褌45
6026;袚袨小孝 8732 194褏35 褋褌45
12468;袛小孝校 8939:2019 194褏35 褋褌45
14064;袛小孝校 8938:2019 180褏36 褋褌45
12301;袛小孝校 8938:2019 146褏20 褋褌45
6303;袚袨小孝 8732 325褏10 褋褌20
14195;袛小孝校 8939:2019 21褏 2.5 褋褌20
14060;袛小孝校 8938:2019 426褏40 褋褌20
10372;孝褉褍斜邪 锌褉芯褎. 42褏42褏 6 褋褌20
7532;孝褉褍斜邪 锌褉芯褎. 80褏80褏 6 褋褌35
11053;袛小孝校 8939:2019 22褏1.5 褋褌20
11714;袚袨小孝 8734 27褏 4 褋褌20
7328;袚袨小孝 8734 62褏 4 褋褌20
10494;袛小孝校 8938:2019 180褏10 褋褌20
8725;袩芯褉褨蟹泻邪 21 褉械蟹芯胁 ( 蟹谐 袛袣袩袩 25.62.20-00.00)
12298;袛小孝校 8938:2019 140褏16 褋褌20
11046;袛小孝校 8938:2019 22褏5 褋褌20
11465;袛小孝校 8938:2019 152褏32 褋褌20
12472;袛小孝校 8939:2019 203褏36 褋褌45
11730;袚袨小孝 8734 32褏10 褋褌20
14486;袛小孝校 8938:2019 76褏18 褋褌20
7571;孝褉褍斜邪 锌褉芯褎. 120褏100褏10 褋褌20
7726;孝褉褍斜邪 锌褉芯褎. 140褏80褏10 褋褌20
11316;袛小孝校 8938:2019 377褏16 褋褌20
12350;袛小孝校 8938:2019 377褏60 褋褌20
14434;袛小孝校 8938:2019 219褏 6 褋褌09袚2小
5778;袚袨小孝 8732 146褏12 褋褌20
7686;孝褉褍斜邪 锌褉芯褎. 180褏100褏 8 褋褌20
10792;袛小孝校 8938:2019 76褏16 褋褌35
10898;袛小孝校 8938:2019 203褏40 褋褌35
5843;袚袨小孝 8732 152褏16 褋褌35
10394;袛小孝校 8938:2019 140褏18 褋褌35
14401;袛小孝校 8938:2019 127褏28 褋褌35
13660;袛小孝校 8938:2019 273褏36 褋褌45
11493;1袛小孝校 8938:2019 127褏18 褋褌35
14073;袛小孝校 8938:2019 127褏30 褋褌35
10543;袛小孝校 8938:2019 121褏16 褋褌35
12552;袛小孝校 8939:2019 351褏70 褋褌45
7672;孝褉褍斜邪 锌褉芯褎. 200褏160褏 8 褋褌20
13034;袛小孝校 8938:2019 273褏60 褋褌20
8627;袩芯褉褨蟹泻邪 23 褉械蟹芯胁 ( 蟹谐 袛袣袩袩 25.62.20-00.00)
7260;袚袨小孝 8734 48褏 3 褋褌20
11822;袛小孝校 8939:2019 48褏 3 褋褌20
11740;袚袨小孝 8734 36褏 4 褋褌20
12473;袛小孝校 8939:2019 203褏40 褋褌20
9775;袛小孝校 8938:2019 351褏25 褋褌20
12408;袛小孝校 8938:2019 108褏30 褋褌20
11396;袛小孝校 8938:2019 38褏 3.5 褋褌20
8254;孝褉褍斜邪 锌褉芯褎. 250褏150褏10 褋褌20
12119;袚袨小孝 8732 426褏45 褋褌20
14306;袩芯褉褨蟹泻邪 60 褉褨蟹芯胁 ( 袛袣袩袩 25.62.20-00.00)
11544;袛小孝校 8938:2019 159褏25 褋褌20
13745;袛小孝校 8938:2019 406褏20 褋褌20
14016;袛小孝校 8938:2019 159褏20 褋褌20
13848;袛小孝校 8938:2019 299褏16 褋褌20
10806;袛小孝校 8938:2019 180褏32 褋褌20
7785;孝褉褍斜邪 锌褉芯褎. 90褏50褏6 褋褌20
11159;孝褉褍斜邪 锌褉芯褎. 160褏90褏 6 褋褌09袚2小
13726;孝褉褍斜邪 锌褉芯褎. 200褏200褏12 褋褌09袚2小
14001;GB/T 8162:2018 54褏10 褋褌20
6537;袚袨小孝 8732 102褏 4 褋褌20
12406;袛小孝校 8939:2019 108褏25 褋褌45
7613;孝褉褍斜邪 锌褉芯褎. 80褏60褏 5 褋褌20
7617;孝褉褍斜邪 锌褉芯褎. 80褏60褏 5 褋褌35
6231;袚袨小孝 8732 273褏30 褋褌35
7504;孝褉褍斜邪 锌褉芯褎. 180褏180褏12 褋褌20
8251;孝褉褍斜邪 锌褉芯褎. 250褏150褏 8 褋褌09袚2小
7556;孝褉褍斜邪 锌褉芯褎. 50褏50褏 4 褋褌35
15115;袛小孝校 8938:2019 219褏50 褋褌20
11095;袛小孝校 8938:2019 102褏20 褋褌35
14909;袚袗袪携效袗 GB/T 8162:2018 70褏 4 褋褌20
12476;袛小孝校 8939:2019 203褏50 褋褌45
8692;袩芯褉褨蟹泻邪 38 褉褨蟹芯胁   (袛袣袩袩 25.62.20-00.00)
7471;孝褉褍斜邪 锌褉芯褎. 140褏140褏10 褋褌20
6000;袚袨小孝 8732 194褏10 褋褌20
7722;孝褉褍斜邪 锌褉芯褎. 140褏80褏 8 褋褌09袚2小
14827;袚袗袪携效袗 GB/T 8162:2018 108褏 5 褋褌20
11995;袚袨小孝 8732 159褏20 褋褌45
12614;袛小孝校 8939:2019 83褏18 褋褌45
13786;袛小孝校 8938:2019 102褏18 褋褌20
7525;孝褉褍斜邪 锌褉芯褎. 80褏80褏 4 褋褌20
12362;袛小孝校 8938:2019 530褏20 褋褌20
6273;袚袨小孝 8732 299褏40 褋褌20
14426;袛小孝校 8938:2019 299褏40 褋褌20
14423;GB/T 8162:2018 85褏 4 褋褌20
11049;袛小孝校 8939:2019 14褏 1.5 褋褌20
5682;袚袨小孝 8732 127褏14 褋褌45
10880;袛小孝校 8938:2019 89褏10 褋褌45
14240;孝褉褍斜邪 锌褉芯褎. 180褏140褏 8 褋褌Q345B
14460;孝褉褍斜邪 锌褉芯褎. 200褏160褏 8 褋褌S355J2H
12580;袛小孝校 8939:2019 60褏 3.5 褋褌20
10831;袛小孝校 8939:2019 89褏14 褋褌20
11887;袛小孝校 8939:2019 108褏18 褋褌20
12154;袚袨小孝 8732 57褏12 褋褌20
14377;袚袨小孝 8732 146褏 6 褋褌20
13652;袛小孝校 8938:2019 325褏25 褋褌20
11784;袛小孝校 8939:2019 12褏 2 褋褌20
13794;袛小孝校 8939:2019 16褏 3 褋褌20
10541;袛小孝校 8938:2019 89褏 5 褋褌09袚2小
12998;孝褉褍斜邪 锌褉芯褎. 80褏80褏 8 褋褌Q345B
6083;袚袨小孝 8732 219褏12 褋褌20
11561;袛小孝校 8938:2019 299褏45 褋褌45
10545;袛小孝校 8938:2019 406褏12 褋褌20
12093;袚袨小孝 8732 377褏14 褋褌20
8054;孝褉褍斜邪 锌褉芯褎. 180褏120褏 8 褋褌20
10934;孝褉褍斜邪 锌褉芯褎. 100褏80褏 4 褋褌20
6397;袚袨小孝 8732 377褏20 褋褌20
13560;袛小孝校 8938:2019 108褏25 褋褌35
12381;袛小孝校 8938:2019 89褏 8 褋褌20
6872;袚袨小孝 8732 60褏 3.5 褋褌20
7492;孝褉褍斜邪 锌褉芯褎. 160褏160褏 8 褋褌20
12251;袚袨小孝 8734 63褏10 褋褌20
10476;孝褉褍斜邪 锌褉芯褎. 140褏80褏 4 褋褌20
12329;袛小孝校 8938:2019 245褏60 褋褌20
10778;袛小孝校 8938:2019 273褏60 褋褌45
7586;孝褉褍斜邪 锌褉芯褎. 120褏60褏10 褋褌20
14276;GB/T 8162:2018 57褏 3.5 褋褌20
10733;袛小孝校 8938:2019 273褏50 褋褌20
7533;孝褉褍斜邪 锌褉芯褎. 80褏80褏 8 褋褌35
11282;袛小孝校 8938:2019 38褏 5 褋褌20
7628;孝褉褍斜邪 锌褉芯褎. 70褏50褏 5 褋褌09袚2小
12963;袛小孝校 8938:2019 146褏30 褋褌45
11712;袚袨小孝 8734 27褏 3.2 褋褌20
11998;袚袨小孝 8732 168褏 8 褋褌20
14740;袚袨小孝 8732 168褏 8 褋褌20
12247;袚袨小孝 8734 63褏 4 褋褌20
8237;孝褉褍斜邪 锌褉芯褎. 240褏120褏8 褋褌20
14906;袚袗袪携效袗  GB/T 8162:2018 60褏 4 褋褌20
11103;袛小孝校 8938:2019 159褏 6 褋褌09袚2小
