product_code;product_name;in_stock_balance
813;Труба проф. 250х250х10 ст09Г2С 7304900000;0
815;Труба проф. 250х250х 8 ст20 7304900000;9
817;Труба проф. 250х250х12 ст20 7304900000;3
819;Труба проф. 200х120х 6 ст20 7304900000;3
821;Труба проф. 200х120х10 ст20 7304900000;2
5529;Труба проф. 300х100х 8 ст09Г2С 7304900000;6
5532;Труба проф. 300х100х10 ст20 7304900000;13
5578;ГОСТ 8732 106х17 ст20 7304;0
5617;ГОСТ 8732 121х 8 ст20 7304399290;0
5623;ГОСТ 8732 121х16 ст20 7304399290;0
5636;ГОСТ 8732 121х30 ст35 7304399290;0
5649;ГОСТ 8732 127х 5 ст20 7304399290;0
5655;ГОСТ 8732 127х10 ст20 7304399290;0
5664;ГОСТ 8732 127х20 ст20 7304191090;0
5668;ГОСТ 8732 127х25 ст20 7304399290;0
5674;ГОСТ 8732 127х12 ст35 7304399290;4
5678;ГОСТ 8732 127х20 ст35 7304399290;0
5682;ГОСТ 8732 127х14 ст45 7304399290;6
5686;ГОСТ 8732 127х25 ст45 7304399290;1
5699;ГОСТ 8732 133х10 ст20 7304399290;0
5705;ГОСТ 8732 133х16 ст20 7304399290;0
5713;ГОСТ 8732 133х25 ст20 7304399290;0
5725;ГОСТ 8732 133х25 ст45 7304399290;0
5728;ГОСТ 8732 140х 5 ст09Г2С 7304399290;0
5734;ГОСТ 8732 140х 6 ст20 7304399290;0
5737;ГОСТ 8732 140х10 ст20 7304399290;5
5747;ГОСТ 8732 140х22 ст20 7304399290;0
5752;ГОСТ 8732 140х30 ст20 7304399290;0
5761;ГОСТ 8732 140х34 ст35 7304399290;2
5764;ГОСТ 8732 140х28 ст45 7304191090;0
5771;ГОСТ 8732 146х 5 ст20 7304399290;2
5777;ГОСТ 8732 146х11 ст20 7304399290;0
5783;ГОСТ 8732 146х18 ст20 7304191090;0
5785;ГОСТ 8732 146х20 ст20 7304399290;0
5791;ГОСТ 8732 146х30 ст20 7304399290;9
5794;ГОСТ 8732 146х36 ст20 7304399290;4
5803;ГОСТ 8732 146х14 ст45 7304399290;1
5806;ГОСТ 8732 146х25 ст45 7304399290;3
5810;ГОСТ 8732 146х36 ст45 7304399290;1
5823;ГОСТ 8732 152х10 ст20 7304399290;5
5829;ГОСТ 8732 152х16 ст20 7304399290;1
5843;ГОСТ 8732 152х16 ст35 7304399290;0
5851;ГОСТ 8732 152х30 ст45 7304399290;0
5867;ГОСТ 8732 159х10 ст20 7304399290;0
5871;ГОСТ 8732 159х14 ст20 7304399290;0
5874;ГОСТ 8732 159х18 ст20 7304191090;0
5879;ГОСТ 8732 159х25 ст20 7304399290;1
5887;ГОСТ 8732 159х12 ст35 7304399290;7
5903;ГОСТ 8732 168х10 ст09Г2С 7304399290;0
5908;ГОСТ 8732 168х 6 ст20 7304399290;0
5915;ГОСТ 8732 168х10 ст20 7304399290;0
5923;ГОСТ 8732 168х20 ст20 7304191090;0
5930;ГОСТ 8732 168х28 ст20 7304399290;0
5939;ГОСТ 8732 168х28 ст35 7304399290;2
5949;ГОСТ 8732 168х32 ст45 7304399290;11
5966;ГОСТ 8732 180х14 ст20 7304399390;2
5978;ГОСТ 8732 180х45 ст20 7304193090;0
5981;ГОСТ 8732 180х25 ст35 7304399390;0
5984;ГОСТ 8732 180х36 ст45 7304399390;0
5989;ГОСТ 8732 194х 8 ст09Г2С 7304399390;0
6002;ГОСТ 8732 194х12 ст20 7304399290;0
6005;ГОСТ 8732 194х14 ст20 7304399390;1
6009;ГОСТ 8732 194х18 ст20 7304399390;0
6021;ГОСТ 8732 194х10 ст35 7304399390;0
6026;ГОСТ 8732 194х35 ст45 7304399390;0
6032;ГОСТ 8732 203х 8 ст20 7304399390;0
6035;ГОСТ 8732 203х12 ст20 7304399390;0
6038;ГОСТ 8732 203х16 ст20 7304399390;0
6045;ГОСТ 8732 203х28 ст20 7304399390;6
6053;ГОСТ 8732 203х50 ст20 7304399390;0
6057;ГОСТ 8732 203х28 ст35 7304399390;3
6061;ГОСТ 8732 203х25 ст45 7304399390;2
6064;ГОСТ 8732 203х40 ст45 7304399390;3
6070;ГОСТ 8732 219х 6 ст09Г2С 7304399390;2
6075;ГОСТ 8732 219х 6 ст20 7304399390;0
6079;ГОСТ 8732 219х 8 ст20 7304399390;1
6082;ГОСТ 8732 219х10 ст20 7304399390;0
6084;ГОСТ 8732 219х12 ст20 7304399390;0
6090;ГОСТ 8732 219х18 ст20 7304399390;0
6093;ГОСТ 8732 219х22 ст20 7304399390;0
6100;ГОСТ 8732 219х30-45 ст20 7304399390;0
6118;ГОСТ 8732 219х22 ст35 7304399290;1
6120;ГОСТ 8732 219х25 ст35 7304399390;2
6125;ГОСТ 8732 219х36 ст45 7304399390;0
6130;ГОСТ 8732 219х50 ст45 7304399390;0
6141;ГОСТ 8732 245х 8 ст20 7304399390;0
6151;ГОСТ 8732 245х20 ст20 7304399390;1
6174;ГОСТ 8732 245х20 ст45 7304399390;0
6186;ГОСТ 8732 245х60 ст45 7304399390;0
6188;ГОСТ 8732 273х28 ст09Г2С 7304399390;0
6195;ГОСТ 8732 273х 9 ст20 7304399390;19
6199;ГОСТ 8732 273х12 ст20 7304399390;0
6205;ГОСТ 8732 273х18 ст20 7304399390;0
6214;ГОСТ 8732 273х30 ст20 7304399390;0
6219;ГОСТ 8732 273х36 ст20 7304399390;0
6228;ГОСТ 8732 273х60 ст20 7304399390;0
6232;ГОСТ 8732 273х36 ст35 7304399390;0
6236;ГОСТ 8732 273х30 ст45 7304399390;0
6242;ГОСТ 8732 273х45 ст45 7304399390;0
6252;ГОСТ 8732 299х36 ст09Г2С 7304399390;0
6258;ГОСТ 8732 299х12 ст20 7304399390;0
6262;ГОСТ 8732 299х16 ст20 7304399390;0
6265;ГОСТ 8732 299х20 ст20 7304399390;0
6273;ГОСТ 8732 299х40 ст20 7304399390;2
6277;ГОСТ 8732 299х50 ст20 7304399390;2
6298;ГОСТ 8732 325х 7 ст20 7304399390;0
6303;ГОСТ 8732 325х10 ст20 7304399390;2
6311;ГОСТ 8732 325х18 ст20 7304399390;0
6329;ГОСТ 8732 325х50 ст20 7304399390;0
6337;ГОСТ 8732 325х20 ст35 7304399390;0
6343;ГОСТ 8732 325х30 ст45 7304399390;0
6348;ГОСТ 8732 325х45 ст45 7304399390;0
6358;ГОСТ 8732 351х14 ст20 7304399390;0
6380;ГОСТ 8732 351х30 ст45 7304399390;2
6385;ГОСТ 8732 377х 9 ст20 7304399390;2
6389;ГОСТ 8732 377х12 ст20 7304399390;0
6393;ГОСТ 8732 377х16 ст20 7304399390;0
6397;ГОСТ 8732 377х20 ст20 7304399390;4
6405;ГОСТ 8732 377х32 ст20 7304399390;0
6427;ГОСТ 8732 377х45 ст45 7304399390;0
6430;ГОСТ 8732 377х70 ст45 7304399390;1
6438;ГОСТ 8732 114х 4 ст20 7304399290;0
6440;ГОСТ 8732 114х 5 ст20 7304399290;0
6443;ГОСТ 8732 114х 6 ст20 7304399290;0
6448;ГОСТ 8732 114х 8.5 ст20 7304399290;0
6453;ГОСТ 8732 114х12 ст20 7304399290;0
6461;ГОСТ 8732 114х18 ст20 7304399290;0
6472;ГОСТ 8732 114х18 ст35 7304399290;0
6479;ГОСТ 8732 108х 8 ст09Г2С 7304399290;0
6500;ГОСТ 8732 108х12 ст20 7304399290;0
6510;ГОСТ 8732 108х22 ст20 7304399290;0
6517;ГОСТ 8732 108х14 ст35 7304399290;0
6528;ГОСТ 8732 102х 4 ст09Г2С 7304399290;0
6530;ГОСТ 8732 102х 6 ст09Г2С 7304399290;10
6537;ГОСТ 8732 102х 4 ст20 7304399290;0
6549;ГОСТ 8732 102х10 ст20 7304399290;0
6557;ГОСТ 8732 102х18 ст20 7304399290;0
6562;ГОСТ 8732 102х24 ст20 7304399290;0
6569;ГОСТ 8732 102х24 ст35 7304399290;0
6576;ГОСТ 8732 95х 8 ст09Г2С 7304399290;0
6587;ГОСТ 8732 95х 8 ст20 7304399290;21
6601;ГОСТ 8732 95х18 ст20 7304399290;4
6611;ГОСТ 8732 95х10 ст35 7304399290;0
6615;ГОСТ 8732 95х16 ст35 7304399290;0
6626;ГОСТ 8732 89х 3.5 ст10 7304399290;0
6633;ГОСТ 8732 89х 3.5 ст20 7304399290;0
6647;ГОСТ 8732 89х10 ст20 7304399290;1
6650;ГОСТ 8732 89х12 ст20 7304399290;0
6653;ГОСТ 8732 89х15 ст20 7304399290;0
6657;ГОСТ 8732 89х18 ст20 7304399290;0
6664;ГОСТ 8732 89х 6 ст35 7304399290;1
6669;ГОСТ 8732 89х18 ст35 7304399290;1
6671;ГОСТ 8732 89х 5 ст45 7304399290;0
6676;ГОСТ 8732 89х14 ст45 7304399290;0
6685;ГОСТ 8732 83х12 ст10 7304399290;0
6695;ГОСТ 8732 83х10 ст20 7304191090;0
6715;ГОСТ 8732 83х12 ст35 7304399290;0
6721;ГОСТ 8732 83х16 ст45 7304399290;0
6727;ГОСТ 8732 76х 4 ст10 7304399290;0
6732;ГОСТ 8732 76х 3 ст20 7304399290;0
6735;ГОСТ 8732 76х 4 ст20 7304399290;0
6741;ГОСТ 8732 76х 6 ст20 7304399290;0
6751;ГОСТ 8732 76х14 ст20 7304399290;0
6759;ГОСТ 8732 76х10 ст35 7304399290;0
6772;ГОСТ 8732 73х 6 ст10 7304399290;0
6777;ГОСТ 8732 73х 5 ст20 7304399290;1
6781;ГОСТ 8732 73х 8 ст20 7304399290;1
6786;ГОСТ 8732 73х12 ст20 7304399290;0
6790;ГОСТ 8732 73х15 ст20 7304399290;2
6805;ГОСТ 8732 73х 5 ст45 7304399290;0
6811;ГОСТ 8732 70х 4.5 ст20 7304399290;0
6843;ГОСТ 8732 68х 7 ст20 7304399290;0
6848;ГОСТ 8732 68х10 ст20 7304399290;0
6861;ГОСТ 8732 60х 4 ст10 7304399290;0
6865;ГОСТ 8732 60х 6.5 ст10 7304399290;0
6874;ГОСТ 8732 60х 4 ст20 7304399290;0
6879;ГОСТ 8732 60х 5.54 ст20 7304399290;0
6885;ГОСТ 8732 60х 8 ст20 7304399290;0
6889;ГОСТ 8732 60х10.5 ст20 7304399290;0
6900;ГОСТ 8732 57х 4 ст09Г2С 7304399290;0
6907;ГОСТ 8732 57х 3 ст20 7304399290;0
6909;ГОСТ 8732 57х 4 ст20 7304399290;0
6912;ГОСТ 8732 57х 5 ст20 7304399290;0
6935;ГОСТ 8732 51х 3.5 ст20 7304399290;0
6938;ГОСТ 8732 51х 5 ст20 7304399290;0
6944;ГОСТ 8732 48х 3 ст20 7304399290;0
6953;ГОСТ 8732 45х 3.5 ст20 7304399290;0
6966;ГОСТ 8732 42х 3.5 ст20 7304399290;0
6969;ГОСТ 8732 42х 4.5 ст20 7304399290;0
6983;ГОСТ 8732 48.3х 3 ст20 7304399290;0
7003;ГОСТ 8732 63.5х 3.5 ст10 7304399290;0
7009;ГОСТ 8732 63.5х14 ст10 7304399290;0
7011;ГОСТ 8732 63.5х 4 ст20 7304399290;7
7018;ГОСТ 8732 63.5х 8 ст20 7304399290;0
7047;ГОСТ 8732 33.7х 4.5 ст20 7304399290;0
7053;ГОСТ 8732 32х 4 ст20 7304399290;0
7066;ГОСТ 8732 38х 5 ст20 7304399290;0
7075;ГОСТ 8732 60.3х 8 ст10 7304399290;0
7082;ГОСТ 8732 426х10 ст20 7304399890;0
7093;ГОСТ 8732 426х25 ст20 7304399890;1
7098;ГОСТ 8732 426х40 ст20 7304399890;0
7101;ГОСТ 8732 426х50 ст20 7304399890;0
7114;Труба проф. 180х60х 6 ст09Г2С 7304900000;5
7117;Труба проф. 180х60х 8 ст20 7304900000;1
7144;ГОСТ 8734 25х2.3 ст10 7304318090;0
7158;ГОСТ 8734 25х3.5 ст35 7304318090;0
7172;ГОСТ 8734 30х 3 ст20 7304318090;0
7185;ГОСТ 8734 32х 3 ст10 7304318090;0
7188;ГОСТ 8734 32х 1.5 ст20 7304318090;0
7193;ГОСТ 8734 32х 3.5 ст20 7304318090;0
7195;ГОСТ 8734 32х 4.5 ст20 7304318090;0
7206;ГОСТ 8734 35х 5 ст10 7304318090;0
7213;ГОСТ 8734 38х 4 ст20 7304318090;0
7226;ГОСТ 8734 48.3х10 ст17Г1С 7304318090;1
7229;ГОСТ 8734 48.3х 4 ст20 7304318090;0
7238;ГОСТ 8734 40х10 ст20 7304318090;0
7247;ГОСТ 8734 45х 8 ст20 7304318090;0
7259;ГОСТ 8734 48х10 ст10 7304318090;0
7261;ГОСТ 8734 48х 4 ст20 7304318090;0
7264;ГОСТ 8734 48х 8 ст20 7304318090;0
7271;ГОСТ 8734 50х 6 ст20 7304318090;0
7282;ГОСТ 8734 51х 3 ст20 7304318090;0
7288;ГОСТ 8734 51х10 ст20 7304318090;1
7290;ГОСТ 8734 51х12.5 ст20 7304318090;2
7300;ГОСТ 8734 54х10 ст45 7304318090;0
7305;ГОСТ 8734 57х 2 ст10 7304318090;0
7307;ГОСТ 8734 57х 5.5 ст10-20 7304318090;0
7328;ГОСТ 8734 62х 4 ст20 7304318090;1
7359;ГОСТ 8734 73х 4 ст10 7304318090;0
7367;ГОСТ 8734 76х 5 ст45 7304318090;0
7382;ГОСТ 8734 27х 4 ст20 7304318090;0
7385;ГОСТ 8734 27х 7 ст20 7304318090;0
7395;ГОСТ 8734 42х 4 ст10 7304318090;0
7397;ГОСТ 8734 42х 3.5 ст20 7304318090;0
7399;ГОСТ 8734 42х 5 ст20 7304318090;0
7407;ГОСТ 8734 42х 7 ст45 7304318090;0
7433;Труба проф. 120х120х 5 ст09Г2С 7304900000;3
7435;Труба проф. 120х120х 8 ст09Г2С 7304900000;3
7437;Труба проф. 120х120х 5 ст20 7304900000;2
7439;Труба проф. 120х120х 6 ст20 7305310090;3
7442;Труба проф. 120х120х10 ст20 7304900000;3
7445;Труба проф. 120х120х 9 ст35 7304900000;0
7447;Труба проф. 100х100х 6 ст09Г2С 7304900000;2
7449;Труба проф. 100х100х10 ст09Г2С 7304900000;0
7451;Труба проф. 100х100х 6 ст20 7304900000;11
7455;Труба проф. 100х100х10 ст20 7304900000;0
7458;Труба проф. 100х100х 8 ст35 7304900000;4
7461;Труба проф. 110х110х 6 ст20 7304900000;6
7463;Труба проф. 140х140х 5 ст09Г2С 7304900000;0
7465;Труба проф. 140х140х 8 ст09Г2С 7304900000;4
7467;Труба проф. 140х140х12 ст09Г2С 7304900000;0
7470;Труба проф. 140х140х 8 ст20 7304900000;18
7472;Труба проф. 140х140х12 ст20 7304900000;0
7479;Труба проф. 150х150х 8 ст09Г2С 7304900000;0
7481;Труба проф. 150х150х12 ст09Г2С 7304900000;5
7483;Труба проф. 150х150х 8 ст20 7304900000;5
7485;Труба проф. 150х150х12 ст20 7304900000;1
7488;Труба проф. 160х160х 8 ст09Г2С 7304900000;2
7490;Труба проф. 160х160х12 ст09Г2С 7305310090;2
7492;Труба проф. 160х160х 8 ст20 7304900000;4
7494;Труба проф. 160х160х12 ст20 7304900000;13
7497;Труба проф. 180х180х 8 ст09Г2С 7304900000;5
7499;Труба проф. 180х180х12 ст09Г2С 7304900000;15
7501;Труба проф. 180х180х 7 ст20 7304900000;4
7503;Труба проф. 180х180х10 ст20 7304900000;1
7505;Труба проф. 180х180х10 ст35 7304900000;8
7507;Труба проф. 200х200х10 ст09Г2С 7304900000;0
7509;Труба проф. 200х200х 8 ст20 7304900000;10
7511;Труба проф. 200х200х12 ст20 7304900000;7
7514;Труба проф. 90х90х 6 ст09Г2С 7304900000;0
7516;Труба проф. 90х90х 6 ст20 7304900000;5
7518;Труба проф. 90х90х 8 ст20 7304900000;3
7520;Труба проф. 80х80х 4 ст09Г2С 7304900000;4
7522;Труба проф. 80х80х 6 ст09Г2С 7304900000;0
7524;Труба проф. 80х80х10 ст09Г2С 7304900000;17
7526;Труба проф. 80х80х 4,5 ст20 7304900000;3
7528;Труба проф. 80х80х 6 ст20 7304900000;13
7531;Труба проф. 80х80х10 ст20 7304900000;21
7533;Труба проф. 80х80х 8 ст35 7304900000;3
7536;Труба проф. 70х70х 4 ст20 7304900000;2
7538;Труба проф. 70х70х 6 ст20 7304900000;7
7541;Труба проф. 60х60х 4 ст09Г2С 7304900000;3
7543;Труба проф. 60х60х 6 ст09Г2С 7304900000;5
7545;Труба проф. 60х60х 5 ст20 7304900000;4
7548;Труба проф. 60х60х 5 ст35 7304900000;4
7550;Труба проф. 50х50х 4 ст09Г2С 7304900000;3
7552;Труба проф. 50х50х 6 ст09Г2С 7304900000;5
7554;Труба проф. 50х50х 5 ст20 7304900000;5
7556;Труба проф. 50х50х 4 ст35 7304900000;0
7558;Труба проф. 42х42х 5 ст20 7304900000;2
7560;Труба проф. 40х40х 3 ст09Г2С 7304900000;0
7562;Труба проф. 40х40х 5 ст09Г2С 7304900000;3
7564;Труба проф. 40х40х 4 ст20 7304900000;1
7566;Труба проф. 40х40х 5 ст20 7304900000;0
7569;Труба проф. 120х100х 6 ст20 7304900000;3
7571;Труба проф. 120х100х10 ст20 7304900000;4
7573;Труба проф. 120х80х 6 ст09Г2С 7304900000;8
7576;Труба проф. 120х80х 5 ст20 7304900000;9
7578;Труба проф. 120х80х 8 ст20 7304900000;11
7581;Труба проф. 120х60х 6 ст09Г2С 7304900000;3
7583;Труба проф. 120х60х 5 ст20 7304900000;15
7585;Труба проф. 120х60х 8 ст20 7304900000;1
7588;ГОСТ 8734 44.5х 7.1 ст17Г1С 7304318090;0
7591;Труба проф. 100х80х 5 ст09Г2С 7304900000;0
7593;Труба проф. 100х80х 5 ст20 7304900000;6
7595;Труба проф. 100х80х 8 ст20 7304900000;3
7597;Труба проф. 100х60х 4 ст09Г2С 7304900000;0
7599;Труба проф. 100х60х 8 ст09Г2С 7304900000;2
7601;Труба проф. 100х60х 5 ст20 7304900000;3
7603;Труба проф. 100х60х 8 ст20 7304900000;3
7605;Труба проф. 100х50х 6 ст09Г2С 7304900000;1
7608;Труба проф. 100х50х 6 ст20 7304900000;13
7611;Труба проф. 100х50х 6 ст35 7304900000;1
7613;Труба проф. 80х60х 5 ст20 7304900000;1
7615;Труба проф. 80х60х 6 ст20 7304900000;4
7617;Труба проф. 80х60х 5 ст35 7304900000;10
7620;Труба проф. 80х40х 5 ст09Г2С 7304900000;1
7622;Труба проф. 80х40х 4 ст20 7304900000;2
7624;Труба проф. 80х40х 5.5 ст20 7304900000;1
7627;Труба проф. 70х50х 4 ст09Г2С 7304900000;2
7629;Труба проф. 70х50х 6 ст09Г2С 7304900000;3
7632;Труба проф. 70х50х 5 ст20 7304900000;15
7634;Труба проф. 70х50х 4 ст35 7304900000;2
7636;Труба проф. 70х50х 6 ст35 7304900000;4
7638;Труба проф. 160х80х10 ст09Г2С 7304900000;2
7640;Труба проф. 160х80х 6 ст20 7304900000;15
7642;Труба проф. 160х80х10 ст20 7304900000;5
7644;Труба проф. 160х100х6 ст09Г2С 7304900000;6
7646;Труба проф. 160х100х5 ст20 7304900000;3
7648;Труба проф. 160х100х8 ст20 7304900000;4
7650;Труба проф. 160х120х 6 ст09Г2С 7304900000;1
7652;Труба проф. 160х120х 5 ст20 7304900000;0
7655;Труба проф. 160х120х 8 ст20 7304900000;4
7657;Труба проф. 160х140х 6 ст20 7304900000;2
7659;Труба проф. 200х150х 6 ст09Г2С 7304900000;1
7661;Труба проф. 200х150х10 ст09Г2С 7304900000;4
7664;Труба проф. 200х150х10 ст20 7304900000;12
7670;Труба проф. 200х160х10 ст09Г2С 7304900000;1
7672;Труба проф. 200х160х 8 ст20 7304900000;4
7675;Труба проф. 200х100х 6 ст09Г2С 7304900000;0
7677;Труба проф. 200х100х10 ст09Г2С 7304900000;3
7679;Труба проф. 200х100х 8 ст20 7304900000;12
7681;Труба проф. 200х100х12 ст20 7304900000;0
7684;Труба проф. 180х100х10 ст09Г2С 7304900000;6
7686;Труба проф. 180х100х 8 ст20 7304900000;7
7688;Труба проф. 180х100х12 ст20 7304900000;4
7691;Труба проф. 180х140х 8 ст09Г2С 7304900000;0
7693;Труба проф. 180х140х 8 ст20 7304900000;1
7695;Труба проф. 100х40х 5 ст20 7304900000;0
7697;Труба проф. 100х70х 6 ст09Г2С 7304900000;7
7699;Труба проф. 100х70х 6 ст20 7304900000;2
7701;Труба проф. 150х100х 6 ст09Г2С 7304900000;0
7703;Труба проф. 150х100х10 ст09Г2С 7304900000;3
7705;Труба проф. 150х100х 6 ст20 7304900000;15
7707;Труба проф. 150х100х10 ст20 7304900000;14
7709;Труба проф. 150х140х10 ст09Г2С 7304900000;0
7711;Труба проф. 140х100х 5 ст20 7304900000;4
7713;Труба проф. 140х100х 8 ст20 7304900000;1
7716;Труба проф. 140х120х 6 ст09Г2С 7304900000;3
7718;Труба проф. 140х120х 6 ст20 7304900000;5
7720;Труба проф. 140х80х 5 ст09Г2С 7304900000;3
7723;Труба проф. 140х80х 5 ст20 7304900000;5
7725;Труба проф. 140х80х 8 ст20 7304900000;1
7727;Труба проф. 160х110х 6.3 ст20 7304900000;0
7729;Труба проф. 160х90х 8 ст20 7304900000;5
7731;Труба проф. 210х100х 8 ст09Г2С 7304900000;2
7733;Труба проф. 140х60х 8 ст09Г2С 7304900000;0
7735;Труба проф. 140х60х 6 ст20 7304900000;4
7737;Труба проф. 250х110х 8 ст09Г2С 7304900000;12
7739;Труба проф. 250х110х 8 ст20 7304900000;15
7741;Труба проф. 60х40х 4 ст09Г2С 7304900000;3
7743;Труба проф. 60х40х 4 ст20 7304900000;2
7745;Труба проф. 60х40х 6 ст20 7304900000;1
7747;Труба проф. 60х40х 5 ст35 7304900000;10
7774;Труба проф. 280х160х 8 ст20 7304900000;0
7785;Труба проф. 90х50х6 ст20 7304900000;9
7797;Труба проф. 61.5х61.5х 8 ст20 7304900000;1
7801;Труба проф. 80х50х 6 ст09Г2С 7304900000;1
7803;Труба проф. 80х50х 5 ст20 7304900000;3
7809;ГОСТ 8734 22х4 ст20 7304318090;0
7817;ГОСТ 8734 21х 2 ст20 7304318090;0
7823;ГОСТ 8734 21х 6.5 ст20 7304318090;0
7825;ГОСТ 8734 21х 7.5 ст20 7304318090;0
7838;Труба проф. 303х303х10 ст20 7304900000;6
7841;ГОСТ 8734 33.4х 9 ст20 7304318090;0
7845;Труба проф. 220х220х12 ст20 7304900000;1
7848;Труба проф. 220х140х 8 ст20 7304900000;4
7879;Труба проф. 403х203х10 ст09Г2С 7304900000;5
7907;ГОСТ 8734 36х 5 ст10 7304318090;0
7916;ГОСТ 8734 17х 3 ст10 7304318090;0
7920;ГОСТ 8734 17х 3 ст35 7304318090;1
7939;ГОСТ 8734 25.4х2 ст10 7304318090;0
7941;ГОСТ 8734 19х2.5 ст20 7304318090;0
7947;ГОСТ 8734 15х4.5 ст10 7304318090;2
7949;ГОСТ 8734 15х4 ст20 7304318090;0
7952;ГОСТ 8734 23х2.5 ст20 7304318090;0
7984;Труба проф. 220х100х8 ст20 7304900000;5
8016;Труба проф. електрозварна 401х201-205х10 ст3пс 7304900000;1
8031;ГОСТ 8732 406х10 ст20 7304399390;0
8042;ГОСТ 8732 406х60 ст20 7304399390;1
8054;Труба проф. 180х120х 8 ст20 7304900000;3
8083;Труба проф. 150х90х 6 ст20 7304900000;3
8087;Труба проф. 160х60х 6 ст20 7304900000;2
8107;Труба проф. 260х180х10 ст20 7304900000;2
8137;Арматура 12мм   _1;0
8179;ГОСТ 8732 50х 3 ст20 7304399290;0
8193;ГОСТ 8732 505х30-32 ст10-20 7304;0
8208;ГОСТ 8732 34х 2 ст20 7304399290;0
8215;Труба проф. 77х77х10 ст20 7304900000;0
8217;Труба проф. 150х80х 6 ст20 7304900000;6
8219;Труба проф. 150х80х10 ст20 7304900000;4
8221;Труба проф. 110х60х 6 ст20 7304900000;5
8234;Труба проф. 240х160х10 ст20 7304900000;6
8239;Труба проф. 300х200х10 ст09Г2С 7304900000;1
8242;Труба проф. 300х200х 9 ст20 7304900000;4
8244;Труба проф. 180х80х 5 ст20 7304900000;8
8246;Труба проф. 180х80х 7 ст20 7304900000;3
8248;Труба проф. 180х150х 8 ст20 7304900000;5
8250;Труба проф. 180х150х12 ст20 7304900000;7
8252;Труба проф. 250х150х10 ст09Г2С 7304900000;1
8254;Труба проф. 250х150х10 ст20 7304900000;7
8480;Труба проф. 200х80х 6 ст09Г2С 7304900000;0
8482;Труба проф. 200х80х 6 ст20 7304900000;10
8487;ГОСТ 8732 530х 8 ст10-20 7304399890;0
8510;Труба проф. 309х306х10 ст20 7304900000;1
8661;Труба проф. електрозварна 360х250х10 ст3пс 7304900000;1
8785;ГОСТ 8732 42х 2.6 ст20 7304399290;0
8791;ГОСТ 8732 102х20 ст35 7304399290;0
8793;ГОСТ 8732 152х36 ст45 7304399290;1
8797;Катанка 5,5мм ст SAE;2
8801;тр. 60*60 *4;0
8803;JUT Agrass POPULAR 15/140.4х25 (покриття тафтингов;40
8807;Металлопластиковые изделия;19
8809;ЕТІКА Розетка 2к+3, білий;46
8811;Keraflex Extra S1 Grey/25 - Керафлекс Екстра С1, сірий (Польща);10
8815;Бланк Карта спецодяг;66
8817;БЛОКконтактный;7
8820;"Вимикач-роз""єднувач ВР32И250А";1
8822;Втулка;4
8824;Выключатель 1кл.Meridian;2
8826;Выключатель кинцев.ВУ-22-2Б;1
8828;Гофротруба двухшар.KF 09040 UVFA;4
8830;Грес ФИНВУД Вайт 18,5х59,8;20
8834;Запобижник ПН111-10-10-20У1;2
8837;Ізолента ПВХ 50м.;7
8839;КАБЕЛЬ ВВГнг 3х1,5;0
8843;Камутатор;1
8848;Колесо зубчатое;4
8850;КОЛОДКА торм.ТКТ-2000;2
8852;Контакт для пускателя ПМА-5000;6
8854;Контакт до ПМА - 4100 рух.;3
8856;Контакт к ПМА-4000 С (рухомий);15
8858;Контакт КТ/КТП 6010 рух.;3
8860;Контактор зм.стр.NC1-2510220V;1
8862;Контакторзм.стр.NSH8-20/20;0
8864;Крепления руля;1
8866;КРЫШКА кранового колеса;2
8868;ЛЕНТА огражд.75х0,045;200
8871;МАСЛО индустр.1-20А;0
8873;Металлорукав;48
8875;Нож обрезной;1
8878;ПАНЕЛЬ;5
8882;Подвес пр.ун.60х125уп.10шт(22паков);22
8884;Подшипник;22
8886;Подшипник 210;2
8888;Подшипник 3524;2
8890;Полумуфта двигателя Кр.козл. 1;5
8892;Полумуфта кулачкова 10.07;2
8894;ПРОВОД ШВВП 2х2,5;0
8896;ПРОВОД ШВВП3х2,5;0
8900;Пускатель ПМА3100 380В;0
8902;Разьем с загл.;0
8905;РЕМЕНЬ;2
8910;Розетка с з/к с з/ш с крышкой Meridian;4
8916;Светильник 18W 4200К LED;2
8918;Свеча;7
8924;Стекло триплекс;1
8927;СТРОП 4СК в/п 10т2,0м;1
8930;Строп в/п 4,0тн 5000;2
8932;СТРОП ВК 4,0;5
8936;Труба гофрована ПВХ (черная) д20;315
8939;Угол внутр.;7
8941;Уголок МДФ универс.Дуб;15
8943;Фланец зубчатый Кр.козл. №1Т.09.06;3
8945;Шкив тормозной 08.06;1
8948;Шкив тормозной 09.12;1
8950;Шкив тормозной 10.11;2
8952;Шпули;2
8955;Щетка М-1 10х25х32 к1;18
8957;Эл.щетка МГ 12,5х32х40;14
8959;Эмаль пентафл.коричневая (2,8кг);1
8961;Эмаль ПФ-115 К серая (12кг);1
8965;Нож райдера 5796525-10;6
8970;ЭгозаКазачка;46
8977;Лист 16;0
8979;Лист 63;0
8981;ЛИСТ г/к б-30мм;2
9014;ГОСТ 8732 159х25 ст45 7304399290;4
9018;Бокс для автомобіля літера Е(22,3кв.м.);1
9020;Нежитлове приміщення 7 поверх. приміщення №701,702,703,704  (569,8 м2);1
9023;Манометр МТП-60С 4,5м;2
9048;АИ -95;105
9052;ГАЗ пропан-бутан;0
9057;БОЧКА;2
9066;ЗПП ц. 30,26;41
9068;Стол  письменный;2
9117;СМЕСЬ СВАРОЧНАЯ Микс;0
9128;КАРТОЧКИ СКЛ.УЧЕТА;600
9136;Рукавиці технічні СКЛЯР;37
9139;Штамп 56х20 предприятия;1
9141;Банданы-трансформер;4
9144;Жилет сигнальный (с вышивкой);6
9147;Жилет сигнальный ПОМАРАНЧ. АЛЕКС;0
9149;КАСКА ЗАЩИТНАЯ;3
9152;КУРТКА Универсал;1
9154;Куртка утепл.ЗИМА;2
9157;Напівчеревики робочі FIRLOW 01;3
9160;Плащ ПВХ +нейлон,прошит 2ХL;0
9162;ПОДШЛЕМНИК;5
9168;Чоботи ПВХ ЄВРО;3
9175;Напівкомбінезон утепл. Спецсназ;0
9207;Папір А4 500арк.;1
9212;Труба проф. 220х180х10 ст20 7304900000;5
9223;ГОСТ 8732 152х22 ст20 7304399290;3
9225;Труба проф. 150х50х 5 ст20 7304900000;13
9228;Ролик з віссю;19
9231;Світильник білий 4200К Alexa-8;0
9233;Запасна частина до прожектора,30 W;5
9236;Вилка (каучуг) з/з 1*16А;6
9241;Ізолента ізоляційна стрічка лафсанова;5
9245;СТРОП  канатний СКП 1,6 т (2500мм);40
9255;Труба проф. 100х100х12 ст35 7304900000;0
9258;ГОСТ 8732 180х28 ст35 7304399390;0
9260;Рукавички гумові діалектричні клас 0, категор.RCB;2
9323;ГОСТ 8732 219х18 ст20 7304193090;0
9372;Мотопомпа бензинова SEQUOIA SPP1100D для чистої та брудної води 5,15 кВт/7,0к.с. продуктивність 65;0
9398;Реле РЄО-401 40А;1
9415;Труба проф. 80х60х 6 ст09Г2С 7304900000;5
9490;Стрічка  пакувальна сталева 32х0,8 мм чорний лак;0
9497;Вилка углова 1*16 (каучук);0
9503;СТРОП 4СК  10т 2300м;1
9529;Вариатор;2
9532;Насадка;1
9566;ДСТУ 8938:2019 102х 8 ст20 7304399290;0
9572;Нож 40 зуб;2
9578;Цепь на ел/пилу;1
9586;ДСТУ 8938:2019 127х28 ст20 7304399290;0
9617;ДСТУ 8938:2019 377х12 ст20 7304399390;4
9621;Труба електрозварна 630х10 стS235JR 7305310090;12
9633;ДСТУ 8938:2019 83х14 ст20 7304399290;0
9642;ДСТУ 8938:2019 76х 5 ст20 7304399290;0
9648;ДСТУ 8938:2019 325х 8 ст20 7304399390;0
9651;ДСТУ 8938:2019 76х16 ст20 7304399290;0
9658;Вимикач авт. DZ47-60 1Р 4,5КА С 25А;2
9701;ДСТУ 8938:2019 73х 5 ст20 7304399290;0
9706;Олива гідравлічна EQIVIS ZS46 208л.;0
9736;Світильник круглий накладний Videx 12W 5000K 220V;1
9742;Автовимикач ST-68 3p C 10A (4.5kA);2
9758;ГОСТ 8734 89х22 ст20 7304318090;4
9768;ДСТУ 8938:2019 426х12 ст20 7304399890;0
9771;ДСТУ 8938:2019 203х50 ст45 7304399390;2
9775;ДСТУ 8938:2019 351х25 ст20 7304399390;3
9782;ГОСТ 8734 160х40 ст20 7304318090;5
9814;ДСТУ 8938:2019 33.7х 3 ст20 7304399290;0
9823;ДСТУ 8938:2019 108х25 ст20 7304399290;0
9834;Наконечник ДТ-010 мідний пресован.кабельн.(нов);6
9837;Лампа с/д PHILIPS 9W 600 mm, G13;4
9844;Труба проф. 51х41х 4 ст09Г2С 7304900000;1
9852;ДСТУ 8938:2019 60х 3 ст20 7304399290;0
9856;ДСТУ 8938:2019 219х14 ст20 7304399390;0
9859;ДСТУ 8938:2019 426х25 ст20 7304399890;0
9861;ДСТУ 8938:2019 426х60 ст45 7304399890;3
9874;ДСТУ 8938:2019 203х22 ст20 7304399390;1
9878;ДСТУ 8938:2019 245х45 ст20 7304399390;0
9884;Ізоляційна втулка М18*1/ О21,6*21;10
9934;ДСТУ 8540:2015 10х2000х6000 стS235JR 7208529900;0
9936;ДСТУ 8938:2019 114х25 ст45 7304399290;3
9940;ДСТУ 8938:2019 89х14 ст45 7304399290;0
9943;ДСТУ 8938:2019 89х20 ст20 7304399290;0
9950;ДСТУ 8938:2019 146х18 ст35 7304399290;6
9988;Труба проф. 80х60х 4 ст10 7304900000;1
10004;Труба електрозварна 530х10 S235JR 7305310090;41
10006;ДСТУ 8939:2019 426х12 ст20 7304318090;0
10008;ГОСТ 8734 89х 8 ст20 7304318090;10
10022;ДСТУ 8938:2019 89х10 ст45 7304399290;0
10031;ДСТУ 8938:2019 108х16 ст45 7304398290;6
10040;Перехідник;2
10046;Труба проф. 100х70х 6 ст10 7304900000;1
10051;ГОСТ 8732 325х16 ст20 7304398390;0
10054;ГОСТ 8732 83х18 ст20 7304398290;0
10056;ГОСТ 8732 377х40 ст20 7304398390;2
10062;ГОСТ 8732 50х12 ст20 7304398290;3
10072;Труба електрозварна 630х12 стS235JR 7305310090;8
10084;Олива Lubex Mitras ATF ST DX III BDN 20LT;0
10105;ГОСТ 8732 351х30 ст20 7304398390;1
10107;ГОСТ 8732 159х40 ст20 7304398290;0
10111;Пружина 100-350 Бар ON FPO60C;0
10131;Пластина різальна для UZ-50;4
10134;Кільце для Manipulator 3D;4
10141;Провід ПВС 3х2,5;0
10146;Розетка одномісна с з/к РСб20-3-ФСр;3
10166;ГОСТ 8734 22х7 ст20 7304318090;0
10171;Балон кисневий (40л) с.в.;12
10176;ГОСТ 8732 127х12 ст20 7304398290;4
10236;ДСТУ 8939:2019 22х4 ст20 7304318090;2
10272;ДСТУ 8939:2019 406х50 ст20 7304318090;1
10280;Насос WILO-STAR-RS 25/6;1
10282;Затискач маси для зварюв.МК 600А;1
10293;ДСТУ 8938:2019 351х60 ст20 7304398390;11
10299;ДСТУ 8938:2019 406х10 ст20 7304398390;7
10312;ДСТУ 8939:2019 426х36 ст20 7304318090;0
10328;ДСТУ 8939:2019 89х14 ст45 7304318090;0
10336;ДСТУ 8938:2019 194х 8 ст20 7304398390;5
10342;ДСТУ 8938:2019 203х30 ст20 7304398390;3
10346;ДСТУ 8938:2019 406х16 ст20 7304398390;0
10350;ДСТУ 8938:2019 194х20 ст20 7304398390;1
10362;ГОСТ 8732 133х 6.5 ст20 7304399290;0
10372;Труба проф. 42х42х 6 ст20 7304900000;1
10380;ДСТУ 8939:2019 22х5 ст20 7304318090;1
10383;ДСТУ 8938:2019 102х16 ст35 7304398290;4
10391;ДСТУ 8938:2019 146х36 ст35 7304398290;4
10393;ДСТУ 8938:2019 146х28 ст35 7304398290;4
10397;ДСТУ 8938:2019 159х18 ст35 7304398290;5
10432;ГОСТ 10705 114х 4.5 ст3пс 7305310090;0
10436;Реміінь привідний;1
10441;ДСТУ 8938:2019 83х16 ст35 7304398290;2
10443;ДСТУ 8938:2019 133х 6 ст20 7304398290;14
10447;ДСТУ 8938:2019 48.3х 4 ст09Г2С 7304398290;0
10456;ДСТУ 8938:2019 70х 3.5 ст20 7304398290;2
10464;Рукавиці технічні з надолонником;0
10468;ДСТУ 8938:2019 351х14 ст20 7304398390;7
10471;ДСТУ 8938:2019 325х60 ст20 7304398390;5
10476;Труба проф. 140х80х 4 ст20 7304900000;0
10485;ДСТУ 8938:2019 133х22 ст35 7304398290;7
10487;ДСТУ 8938:2019 89х22 ст35 7304398290;4
10489;ДСТУ 8938:2019 108х22 ст35 7304398290;2
10491;ДСТУ 8938:2019 121х10 ст20 7304398290;0
10494;ДСТУ 8938:2019 180х10 ст20 7304398390;9
10499;ДСТУ 8938:2019 38х 2.6 ст20 7304398290;6
10501;Труба проф. 120х80х 4 ст20 7304900000;1
10517;ДСТУ 8938:2019 146х 8 ст20 7304398290;10
10539;"Панель ПВХ ЕХ 07.01 ""Ліон white"" 7*250*3000мм/1шт=075кв.м/";11
10541;ДСТУ 8938:2019 89х 5 ст09Г2С 7304398290;6
10543;ДСТУ 8938:2019 121х16 ст35 7304398290;5
10545;ДСТУ 8938:2019 406х12 ст20 7304398390;8
10548;ДСТУ 8938:2019 219х 8 ст20 7304398390;0
10550;ДСТУ 8938:2019 406х40 ст20 7304398390;7
10553;ДСТУ 8938:2019 102х12 ст20 7304398290;5
10555;ДСТУ 8938:2019 114х 8 ст20 7304398290;5
10557;ДСТУ 8938:2019 57х 6 ст20 7304398290;9
10560;ДСТУ 8938:2019 245х25 ст20 7304398390;6
10564;ДСТУ 8938:2019 121х14 ст35 7304398290;6
10566;ДСТУ 8938:2019 159х 8 ст20 7304398290;0
10569;ДСТУ 8938:2019 159х10 ст20 7304398290;0
10571;ДСТУ 8938:2019 140х16 ст35 7304398290;5
10574;ДСТУ 8938:2019 152х 6 ст20 7304398290;14
10576;ДСТУ 8938:2019 180х 8 ст20 7304398390;16
10579;ДСТУ 8938:2019 325х14 ст20 7304398390;7
10581;ДСТУ 8938:2019 57х 5 ст20 7304398290;5
10583;ДСТУ 8938:2019 51х 2.5 ст20 7304398290;2
10585;ДСТУ 8938:2019 33.7х 4 ст20 7304398290;3
10587;ДСТУ 8938:2019 76х 4 ст20 7304398290;8
10589;ДСТУ 8938:2019 377х50 ст20 7304398390;8
10591;ДСТУ 8938:2019 51х 5 ст20 7304398290;4
10593;ДСТУ 8938:2019 42х 4.5 ст20 7304398290;6
10596;ДСТУ 8938:2019 48.3х 5 ст20 7304398290;11
10598;ДСТУ 8938:2019 50х 6 ст20 7304398290;0
10600;ДСТУ 8938:2019 60х 3 ст20 7304398290;3
10603;ДСТУ 8938:2019 83х16 ст20 7304398290;0
10605;ДСТУ 8938:2019 76х 8 ст20 7304398290;0
10607;ДСТУ 8938:2019 108х18 ст20 7304398290;0
10609;ДСТУ 8938:2019 83х18 ст35 7304398290;3
10611;ДСТУ 8938:2019 89х 8 ст20 7304398290;1
10613;ДСТУ 8938:2019 83х12 ст35 7304398290;9
10615;ДСТУ 8938:2019 108х 4.5 ст20 7304398290;0
10617;Наконечник мідний DT-50/10;5
10620;Хомут чорний 200х3,6 (100шт);0
10622;Термоусаджувальна трубка 4,0/2,0 шт.(1м);6
10627;Леска Оломакс;0
10636;Кільце;0
10639;ДСТУ 8938:2019 108х 8 ст20 7304398290;6
10641;ДСТУ 8938:2019 133х30 ст35 7304398290;7
10643;ДСТУ 8938:2019 426х10 ст20 7304398890;8
10645;ДСТУ 8938:2019 76х12 ст20 7304398290;12
10647;ДСТУ 8938:2019 48.3х 3 ст20 7304398290;2
10649;ДСТУ 8938:2019 76х16 ст20 7304398290;1
10651;ДСТУ 8938:2019 32х 4 ст20 7304398290;14
10653;ДСТУ 8938:2019 108х22 ст20 7304398290;0
10684;ДСТУ 8938:2019 273х18 ст35 7304398390;1
10686;ДСТУ 8938:2019 57х 3 ст20 7304398290;8
10689;ДСТУ 8938:2019 299х60 ст20 7304398390;0
10691;ДСТУ 8938:2019 108х28 ст35 7304398290;3
10693;ДСТУ 8938:2019 114х28 ст35 7304398290;3
10695;ДСТУ 8938:2019 32х 4.5 ст20 7304398290;0
10697;ДСТУ 8938:2019 57х 3.5 ст20 7304398290;21
10699;ДСТУ 8938:2019 102х 8 ст20 7304398290;0
10701;ДСТУ 8938:2019 76х10 ст35 7304398290;2
10704;ДСТУ 8938:2019 102х 5 ст20 7304398290;0
10706;ДСТУ 8938:2019 102х18 ст35 7304398290;3
10708;ДСТУ 8938:2019 102х24 ст35 7304398290;8
10710;ДСТУ 8938:2019 108х20 ст20 7304398290;1
10712;ДСТУ 8938:2019 114х12 ст20 7304398290;0
10714;ДСТУ 8938:2019 114х16 ст35 7304398290;4
10716;ДСТУ 8938:2019 121х25 ст20 7304398290;0
10718;ДСТУ 8938:2019 127х 6 ст20 7304398290;0
10720;ДСТУ 8938:2019 127х16 ст35 7304398290;2
10723;ДСТУ 8938:2019 133х22 ст20 7304398290;0
10725;ДСТУ 8938:2019 51х 4 ст20 7304398290;5
10728;ДСТУ 8938:2019 76х 3 ст20 7304398290;7
10730;ДСТУ 8938:2019 203х20 ст20 7304398390;1
10734;ДСТУ 8938:2019 70х 6 ст20 7304398290;3
10739;ДСТУ 8938:2019 76х 6 ст20 7304398290;7
10741;ДСТУ 8938:2019 219х10 ст20 7304398390;2
10743;ДСТУ 8938:2019 377х 9 ст20 7304398390;15
10746;ДСТУ 8938:2019 325х45 ст20 7304398390;0
10748;ДСТУ 8938:2019 45х 4 ст20 7304398290;1
10750;ДСТУ 8938:2019 121х 5 ст20 7304398290;6
10752;ДСТУ 8938:2019 140х 6 ст20 7304398290;1
10754;ДСТУ 8938:2019 140х20 ст45 7304398290;0
10756;Дріт зварювальний полір.ОК AristoRod 12.5 1.6mm (18кг);588
10758;ДСТУ 8938:2019 146х10 ст20 7304398290;10
10760;ДСТУ 8938:2019 152х12 ст20 7304398290;0
10762;ДСТУ 8938:2019 152х25 ст20 7304398290;3
10764;ДСТУ 8938:2019 159х28 ст35 7304398290;5
10766;ДСТУ 8938:2019 168х14 ст20 7304398290;3
10768;ДСТУ 8938:2019 219х 6 ст20 7304398390;0
10771;ДСТУ 8938:2019 219х45 ст20 7304398390;6
10773;ДСТУ 8938:2019 83х10 ст20 7304398290;13
10775;ДСТУ 8938:2019 245х30 ст35 7304398390;0
10777;ДСТУ 8938:2019 273х50 ст45 7304398390;1
10779;ДСТУ 8938:2019 325х18 ст20 7304398390;1
10781;ДСТУ 8938:2019 351х12 ст20 7304398390;5
10783;ДСТУ 8938:2019 377х45 ст20 7304398390;6
10785;ДСТУ 8938:2019 406х14 ст20 7304398390;1
10787;ДСТУ 8938:2019 42х 3 ст20 7304398290;8
10789;ДСТУ 8938:2019 45х 3 ст20 7304398290;7
10791;ДСТУ 8938:2019 73х 6 ст20 7304398290;30
10793;ДСТУ 8938:2019 83х 4 ст20 7304398290;8
10802;ДСТУ 8938:2019 32х 3.5 ст20 7304398290;3
10804;ДСТУ 8938:2019 121х25 ст35 7304398290;4
10806;ДСТУ 8938:2019 180х32 ст20 7304398390;7
10808;ДСТУ 8938:2019 89х12 ст35 7304398290;4
10834;ДСТУ 8938:2019 89х 9 ст20 7304398290;0
10836;Труба електрозварна 530х 8 стS235JR 7305310090;7
10838;Труба проф. 140х60х 5 ст09Г2С 7304900000;0
10840;ДСТУ 8938:2019 159х22 ст20 7304398290;7
10842;ДСТУ 8938:2019 95х22 ст45 7304398290;4
10855;ДСТУ 8938:2019 325х50 ст20 7304398390;5
10862;ДСТУ 8938:2019 140х18 ст20 7304398290;5
10864;ДСТУ 8938:2019 168х16 ст20 7304398290;6
10869;ДСТУ 8938:2019 95х20 ст20 7304398290;0
10880;ДСТУ 8938:2019 89х10 ст45 7304398290;7
10889;Кнопка КЕ011 тип2 черв.;5
10899;ДСТУ 8938:2019 219х40 ст35 7304398390;2
10920;ДСТУ 8939:2019 426х36 ст45 7304318090;0
10925;ДСТУ 8939:2019 530х16 ст20 7304318090;0
10929;Клема маси 600А;1
10934;Труба проф. 100х80х 4 ст20 7304900000;2
10936;Смуга стартова S2 3м білий;4
10938;ДСТУ 8938:2019 121х30 ст35 7304398290;2
10942;Винт кріплення різця;16
10944;Карбюратор 40;0
10946;Стартер усп;1
10950;Редуктор 26/9;0
10954;Нож без напайки;1
10957;Карбюратор б/коса;0
10959;Набор камней;0
10970;ДСТУ 8938:2019 127х 5 ст20 7304398290;11
10972;ДСТУ 8938:2019 152х 5 ст20 7304398290;0
10975;ДСТУ 8938:2019 219х18 ст20 7304398390;0
10977;ДСТУ 8938:2019 377х14 ст20 7304398390;3
10979;ДСТУ 8938:2019 299х25 ст35 7304398390;2
10985;Футболка Standart синя;0
10987;Куртка робоча Holden;0
10989;Напівкомбінезон робочий Holden;0
10994;ДСТУ 8540:2015 Смуга 8х170х6000 S235JR 7208529900;3
11004;МАСЛО трансмис.(20л) YUKOIL;1
11006;ДСТУ 8938:2019 102х10 ст20 7304398290;4
11040;ДСТУ 8939:2019 630х12 ст20 7304318090;0
11047;ДСТУ 8939:2019 10х 1.5 ст20 7304318090;0
11049;ДСТУ 8939:2019 14х 1.5 ст20 7304318090;0
11051;ДСТУ 8939:2019 18х 1.5 ст20 7304318090;0
11053;ДСТУ 8939:2019 22х1.5 ст20 7304318090;0
11055;ДСТУ 8939:2019 27х 1.5 ст20 7304318090;0
11057;ДСТУ 8939:2019 30х 1.5 ст20 7304318090;0
11059;ДСТУ 8939:2019 34х 1.5 ст20 7304318090;0
11062;ДСТУ 8939:2019 38х 1.5 ст20 7304318090;1
11064;ДСТУ 8939:2019 40х 2 ст20 7304318090;0
11066;Прокладка 50х100х4,5м;6
11087;Болт DIN 912 М12х30 12,9 (пач.-100шт.);20
11092;СТРОП  канатний СКП 4,0 т (5000мм);4
11094;ДСТУ 8938:2019 33.7х 3.5 ст20 7304398290;1
11096;ДСТУ 8938:2019 108х16 ст35 7304398290;3
11098;Труба електрозварна 530х10 стS235JR 7305310090;15
11101;ДСТУ 8938:2019 180х12 ст20 7304398390;11
11103;ДСТУ 8938:2019 159х 6 ст09Г2С 7304398290;5
11115;ДСТУ 8938:2019 325х12 ст20 7304398390;12
11119;Пружина 1940.8013;2
11125;Рукавички GARY;0
11128;Плита 500х500;81
11143;Keraflex Extra S1 Grey\25;11
11146;Брюки робочі SPECIAL;0
11148;Напівчеревики мод.PERFO S1;0
11150;Светильник светодиод.AVOCA LC R6055 105w;5
11153;ДСТУ 8938:2019 38х 4.5 ст20 7304398290;0
11159;Труба проф. 160х90х 6 ст09Г2С 7304900000;0
11162;СТРОП  канатний СКП 2,0 т (2600мм);4
11164;СТРОП  канатний СКП 4,0 т (3500мм);2
11171;ЕТІКА Вимикач 1-клавішний, білий;12
11173;ЕТІКА Рамка 1-пост, білий;11
11175;ЕТІКА Рамка 3-пости, білий;11
11177;Профіль КНАУФ U/27/28/27/06/3000;45
11179;(558.30) KN TR 041/18: Скловата ЕКОРОДА (TR044) 1220*8200 мм, 20 кв.м (40);2
11181;Клей для шпалер PUFAS Glass скло-, важких та шпалер під покраску 500г;2
11183;Штукатурка гіпсова IzoPover 25кг;3
11187;Труба проф. 260х180х8 ст20 7304900000;3
11203;ДСТУ 8938:2019 140х12 ст20 7304398290;3
11207;ДСТУ 8938:2019 70х 5 ст20 7304398290;5
11215;ДСТУ 8938:2019 219х30 ст20 7304398390;2
11218;ДСТУ 8938:2019 83х 6 ст20 7304398290;13
11238;ДСТУ 8938:2019 14х 2 ст20 7304398290;0
11240;ДСТУ 8938:2019 20х 1.5 ст20 7304398290;0
11242;ДСТУ 8938:2019 28х 2 ст20 7304398290;1
11256;ДСТУ 8938:2019 180х25 ст20 7304398390;9
11266;Напівкомбінезон утеплений SPECIAL;2
11273;Куртка утеплена SPECIAL;1
11275;Пластина упорна;1
11281;ДСТУ 8938:2019 140х14 ст20 7304398290;4
11284;ДСТУ 8938:2019 50х 3.5 ст20 7304398290;0
11286;Втулка УПС 05.02.101А;0
11288;Втулка УПС 05.02.103А;3
11292;ДСТУ 8938:2019 159х16 ст35 7304398290;4
11302;Гратка вентиляцыйнаVents МВ 102ВК;1
11304;Вентилятор Vents100 BKOL;1
11306;Канал Vents 5010 55х110/1000;2
11308;З'єднувач Vents 511 110х55/100;1
11310;Гратка DOMOVENT ДВ 440/2 480х120;1
11312;Спот СВЕТКОМПЛЕКТ SP TUB;1
11314;ДСТУ 8540:2015 Смуга 10х185х6000 S235JR 7208529900;1
11316;ДСТУ 8938:2019 377х16 ст20 7304398390;5
11318;Светильник LED VIO CONCEPT ThinK-50R 50w 4500K чорний;1
11324;ДСТУ 8938:2019 194х 8 ст09Г2С 7304398390;14
11326;ДСТУ 8938:2019 159х32 ст35 7304398290;5
11328;Автоматичний вимикач Legrand C25 1P 6 kA (404030);1
11330;Автоматичний вимикач Legrand C10 1P 4.5 kA (419664);2
11334;Прапор 1450х1000;12
11344;ДСТУ 8938:2019 152х30 ст20 7304398290;6
11350;Труба проф. 140х140х 5 ст20 7304900000;2
11356;ДСТУ 8938:2019 203х50 ст45 7304398390;7
11359;Колесо подачі поліуретанове;2
11361;Вал  1940.6003;4
11363;Колесо 1940.6006;0
11365;Пластина 1940.6025;2
11367;Клема швидкого монтажа VARGO.3+3;18
11376;КИСЛОРОД (6,3мкуб);0
11378;Реле РЄО-401 6А;2
11386;ДСТУ 8938:2019 28х 4 ст20 7304398290;7
11388;ДСТУ 8938:2019 20х 3 ст20 7304398290;1
11393;ДСТУ 8938:2019 114х 6 ст20 7304398290;0
11395;ДСТУ 8938:2019 133х18 ст35 7304398290;4
11397;ДСТУ 8938:2019 180х 8 ст09Г2С 7304398390;0
11400;Прожектор RH SOFT  150W 6500K 220V IP65;3
11402;Наконечник  гільза Е1508 1,5мм2;0
11404;Наконечник-гільза НГИ2 1,5-8 з ізол  фланцем;0
11406;Лампа с/д LВ-700 А60 230V 10W Е27 6400К;5
11413;ДСТУ 8938:2019 63.5х 5 ст20 7304398290;0
11416;ДСТУ 8938:2019 60х 6 ст20 7304398290;5
11418;ДСТУ 8938:2019 63.5х 3.5 ст20 7304398290;1
11422;Кабель КГНВ 2х1,5;12
11424;Мапесил АС 144/0,31 клей-герметик(шоколад);1
11426;Цилиндр Mul-t-lock Integrator66(33х33)5KEY ключ-ключ NSTникель-сатин;1
11428;Саморіз для гіпсокартону по дереву,фосфатований3,5х35(уп.-1000шт);1
11430;Герметик Soudal E[press акриловий білий 280мл;1
11432;Лак акриловий AURA Agua Lack20 2.5 k;1
11434;Антикорозійна акрилова емаль AuraLuxpro RemixAnticor (біла)0,75л;1
11436;Емаль універсальна акрилова 9010 біла матова,ТМ BIODUR в аеро упаковці. 400мл;1
11438;Ганчіркад/підлоги ФБ Степ50Х70см1шт;1
11440;Серветка д/прибир.ГривняПетрівна віскозні;1
11442;Набір фібрових шкребків Гр.Петрівна. 5шт;1
11444;Рушник целюл.Диво Бізнес Орtimal V-cклад 2шар200шт;1
11447;Куртка утепл. NORDIC;1
11452;Ролик 1,4-1,6 мм;4
11459;Труба електрозварна 630х 8 S235JR 7305310090;5
11463;ДСТУ 8938:2019 273х12 ст20 7304398390;9
11465;ДСТУ 8938:2019 152х32 ст20 7304398290;1
11477;ДСТУ 8938:2019 28х 7 ст45 7304398290;0
11485;1ДСТУ 8938:2019 426х60 ст20 7304399890;0
11492;1ДСТУ 8938:2019 108х16 ст45 7304398290;0
11519;Рідина охолоджувальна (5л);2
11525;ДСТУ 8938:2019 102х 4 ст20 7304398290;5
11527;ДСТУ 8938:2019 102х22 ст20 7304398290;9
11529;ДСТУ 8938:2019 108х 8 ст20 7304398290;0
11531;ДСТУ 8938:2019 127х28 ст20 7304398290;4
11533;ДСТУ 8938:2019 140х12 ст20 7304398290;3
11535;ДСТУ 8938:2019 152х12 ст20 7304398290;0
11537;ДСТУ 8938:2019 152х30 ст45 7304398290;4
11539;ДСТУ 8938:2019 159х 5 ст20 7304398290;0
11541;ДСТУ 8938:2019 159х10 ст20 7304398290;3
11544;ДСТУ 8938:2019 159х25 ст20 7304398290;2
11546;ДСТУ 8938:2019 168х32 ст20 7304398290;1
11548;ДСТУ 8938:2019 203х50 ст45 7304398390;3
11550;ДСТУ 8938:2019 219х10 ст20 7304398390;0
11552;ДСТУ 8938:2019 232х30 ст20 7304398390;1
11554;ДСТУ 8938:2019 245х18 ст20 7304398390;6
11556;ДСТУ 8938:2019 273х36 ст20 7304398390;1
11558;ДСТУ 8938:2019 273х45 ст20 7304398390;0
11560;ДСТУ 8938:2019 299х25 ст20 7304398390;7
11562;ДСТУ 8938:2019 299х50 ст45 7304398390;2
11564;ДСТУ 8938:2019 325х 8 ст20 7304398390;0
11566;ДСТУ 8938:2019 325х40 ст20 7304398390;1
11568;ДСТУ 8938:2019 32х 6 ст20 7304398290;4
11570;ДСТУ 8938:2019 377х 8 ст20 7304398390;0
11572;ДСТУ 8938:2019 406х60 ст20 7304398390;4
11574;ДСТУ 8938:2019 426х 8 ст20 7304398890;0
11576;ДСТУ 8938:2019 457х60 ст20 7304398890;2
11578;ДСТУ 8938:2019 508х12 ст20 7304398890;2
11581;ДСТУ 8938:2019 51х 6 ст20 7304398290;0
11583;ДСТУ 8938:2019 530х10 ст20 7304398890;1
11585;ДСТУ 8938:2019 54х 5 ст20 7304398290;0
11587;ДСТУ 8938:2019 57х 5 ст20 7304398290;0
11589;ДСТУ 8938:2019 60х 4 ст20 7304398290;0
11591;ДСТУ 8938:2019 630х20 ст20 7304398890;2
11593;ДСТУ 8938:2019 73х10 ст20 7304398290;2
11595;ДСТУ 8938:2019 73х18 ст45 7304398290;1
11597;ДСТУ 8938:2019 76х12 ст20 7304398290;0
11599;ДСТУ 8938:2019 83х12 ст20 7304398290;0
11601;ДСТУ 8938:2019 89х 4 ст20 7304398290;1
11603;ДСТУ 8938:2019 89х16 ст45 7304398290;0
11605;ДСТУ 8939:2019 159х 7 ст20 7304318090;29
11607;ДСТУ 8939:2019 168х10 ст20 7304318090;6
11609;ДСТУ 8939:2019 89х 5 ст20 7304318090;26
11612;ГОСТ 8732 16х 3 ст20 7304191090;0
11614;ГОСТ 8732 18х 3 ст20 7304191090;0
11616;ГОСТ 8732 20х 4 ст20 7304191090;0
11618;ГОСТ 8732 22х2 ст20 7304191090;0
11620;ГОСТ 8732 22х4 ст20 7304191090;0
11622;ГОСТ 8732 25х3 ст20 7304191090;0
11624;ГОСТ 8732 25х 5 ст20 7304191090;0
11626;ГОСТ 8732 27х 2.8 ст20 7304191090;0
11628;ГОСТ 8732 27х 4 ст20 7304191090;0
11630;ГОСТ 8732 27х 8 ст20 7304191090;0
11632;ГОСТ 8732 28х 4 ст20 7304398290;0
11634;ГОСТ 8732 28х 6 ст20 7304191090;0
11636;ГОСТ 8732 30х 4 ст20 7304191090;0
11638;ГОСТ 8732 30х 6 ст20 7304191090;0
11640;ГОСТ 8732 30х 8 ст20 7304191090;0
11642;ГОСТ 8732 32х 4 ст20 7304191090;0
11645;ГОСТ 8732 34х 4 ст20 7304191090;0
11647;ГОСТ 8732 34х 6 ст20 7304191090;0
11649;ГОСТ 8732 35х 5 ст20 7304191090;0
11651;ГОСТ 8732 38х 3 ст20 7304191090;0
11653;ГОСТ 8732 38х 4 ст20 7304199090;0
11655;ГОСТ 8732 38х 6 ст20 7304191090;0
11657;ГОСТ 8732 42х 5 ст20 7304191090;0
11659;ГОСТ 8732 45х 5 ст20 7304191090;0
11661;ГОСТ 8732 48.3х 3 ст20 7304191090;0
11663;ГОСТ 8732 50х 6 ст20 7304191090;0
11665;ГОСТ 8732 51х 5 ст20 7304191090;1
11667;ГОСТ 8732 54х 5 ст20 7304191090;0
11669;ГОСТ 8732 63.5х 5 ст20 7304191090;1
11671;ГОСТ 8732 70х 6 ст20 7304191090;0
11673;ГОСТ 8734 10х 3 ст20 7304318090;1
11675;ГОСТ 8734 14х 3 ст20 7304318090;0
11677;ГОСТ 8734 16х 4 ст20 7304318090;0
11679;ГОСТ 8734 17х 3 ст20 7304318090;0
11681;ГОСТ 8734 18х 3 ст20 7304318090;0
11683;ГОСТ 8734 20х 3 ст20 7304318090;0
11685;ГОСТ 8734 20х 5 ст20 7304318090;0
11687;ГОСТ 8734 21х 2 ст20 7304318090;0
11690;ГОСТ 8734 21х 4 ст20 7304318090;0
11692;ГОСТ 8734 22х2 ст20 7304318090;0
11694;ГОСТ 8734 22х4 ст20 7304318090;0
11697;ГОСТ 8734 23х3 ст20 7304318090;0
11701;ГОСТ 8734 25х2.5 ст20 7304318090;4
11703;ГОСТ 8734 25х3.5 ст20 7304318090;0
11705;ГОСТ 8734 25х4.5 ст20 7304318090;0
11707;ГОСТ 8734 25х 5 ст20 7305310090;0
11709;ГОСТ 8734 25х6 ст20 7304318090;0
11711;ГОСТ 8734 27х 2.5 ст20 7304318090;0
11713;ГОСТ 8734 27х 3.5 ст20 7304318090;0
11715;ГОСТ 8734 28х 3 ст20 7304318090;15
11717;ГОСТ 8734 28х 4 ст45 7304318090;0
11719;ГОСТ 8734 30х 4 ст20 7304318090;0
11721;ГОСТ 8734 30х 6 ст20 7304318090;0
11723;ГОСТ 8734 32х 3 ст20 7304318090;8
11725;ГОСТ 8734 32х 4 ст45 7304318090;0
11727;ГОСТ 8734 32х 6 ст20 7304318090;0
11729;ГОСТ 8734 32х 8 ст45 7304318090;13
11731;ГОСТ 8734 34х 3 ст20 7304318090;0
11733;ГОСТ 8734 34х 5 ст20 7304318090;2
11735;ГОСТ 8734 35х 5 ст10 7304318090;0
11737;ГОСТ 8734 35х 6 ст20 7304318090;4
11739;ГОСТ 8734 36х 4 ст10 7304318090;0
11741;ГОСТ 8734 36х 8 ст20 7304318090;0
11744;ГОСТ 8734 38х 3 ст20 7304318090;0
11746;ГОСТ 8734 38х 4 ст20 7304318090;17
11748;ГОСТ 8734 38х 6 ст20 7304318090;5
11750;ГОСТ 8734 38х10 ст20 7304318090;1
11752;ГОСТ 8734 40х 3 ст20 7304318090;0
11754;ГОСТ 8734 40х 5 ст20 7304318090;0
11756;ГОСТ 8734 40х 8 ст20 7304318090;0
11758;ГОСТ 8734 40х12 ст20 7304318090;2
11760;ГОСТ 8734 42х 6 ст20 7304318090;23
11762;ГОСТ 8734 42х10 ст20 7304318090;0
11764;ГОСТ 8734 45х 5 ст20 7304318090;0
11766;ГОСТ 8734 45х10 ст20 7304318090;7
11768;ГОСТ 8734 48х 4 ст20 7304318090;11
11771;ГОСТ 8734 50х 5 ст20 7304318090;0
11773;ГОСТ 8734 50х 8 ст20 7304318090;30
11775;ГОСТ 8734 50х12 ст45 7304318090;1
11777;ГОСТ 8734 57х 4 ст20 7304318090;2
11779;ГОСТ 8734 68х 4 ст20 7304318090;4
11783;ДСТУ 8939:2019 10х 2 ст20 7304318090;0
11785;ДСТУ 8939:2019 12х 3 ст20 7304318090;0
11787;ДСТУ 8939:2019 16х 2 ст20 7304318090;3
11789;ДСТУ 8939:2019 18х 3 ст20 7304318090;1
11791;ДСТУ 8939:2019 18х 5 ст20 7304318090;5
11793;ДСТУ 8939:2019 20х 2.5 ст20 7304318090;0
11795;ДСТУ 8939:2019 20х 6 ст20 7304318090;2
11797;ДСТУ 8939:2019 21х 5 ст20 7304318090;14
11800;ДСТУ 8939:2019 27х 4 ст20 7304318090;9
11802;ДСТУ 8939:2019 27х 6 ст20 7304318090;0
11804;ДСТУ 8939:2019 28х 6 ст20 7304318090;12
11807;ДСТУ 8939:2019 32х 2 ст20 7304318090;2
11809;ДСТУ 8939:2019 32х 3.5 ст20 7304318090;0
11811;ДСТУ 8939:2019 32х 6 ст20 7304318090;22
11813;ДСТУ 8939:2019 38х 3 ст20 7304318090;7
11815;ДСТУ 8939:2019 38х 6 ст20 7304318090;1
11817;ДСТУ 8939:2019 40х 4 ст20 7304318090;12
11819;ДСТУ 8939:2019 42х 4 ст20 7304318090;0
11821;ДСТУ 8939:2019 45х 4 ст20 7304318090;1
11823;ДСТУ 8939:2019 48х 4 ст20 7304318090;10
11825;ГОСТ 8732 457х40 ст20 7304399890;0
11828;ГОСТ 8732 630х40 ст20 7304399890;7
11833;ГОСТ 8732 80х 8 ст20 7304399290;0
11835;ГОСТ 8734 102х20 ст20 7304318090;1
11837;ГОСТ 8734 108х18 ст20 7304318090;47
11839;ГОСТ 8734 120х16 ст20 7304318090;8
11841;ГОСТ 8734 160х18 ст20 7304318090;5
11843;ГОСТ 8734 180х30 ст20 7304318090;2
11845;ГОСТ 8734 220х20 ст20 7304318090;0
11847;ГОСТ 8734 34х 6 ст20 7304318090;4
11849;ГОСТ 8734 54х10 ст20 7304318090;0
11851;ГОСТ 8734 57х10 ст20 7304318090;9
11853;ГОСТ 8734 60х10 ст20 7304318090;31
11855;ГОСТ 8734 60х14 ст20 7304318090;0
11857;ГОСТ 8734 63х14 ст20 7304318090;0
11859;ГОСТ 8734 68х 8 ст20 7304318090;21
11861;ГОСТ 8734 68х12 ст20 7304318090;8
11863;ГОСТ 8734 70х 8 ст20 7304318090;0
11865;ГОСТ 8734 70х11 ст20 7304318090;6
11867;ГОСТ 8734 70х14 ст20 7304318090;12
11869;ГОСТ 8734 76х 8 ст20 7304318090;9
11871;ГОСТ 8734 76х14 ст20 7304318090;7
11873;ГОСТ 8734 80х 8 ст20 7304318090;0
11875;ГОСТ 8734 83х16 ст20 7304318090;1
11877;ГОСТ 8734 89х16 ст20 7304318090;5
11880;ГОСТ 8734 95х10 ст20 7304318090;1
11882;ДСТУ 8939:2019 102х12 ст20 7304318090;0
11884;ДСТУ 8939:2019 102х16 ст20 7304318090;11
11886;ДСТУ 8939:2019 108х16 ст20 7304318090;2
11888;ДСТУ 8939:2019 114х20 ст20 7304318090;11
11890;ДСТУ 8939:2019 121х30 ст20 7304318090;0
11892;ДСТУ 8939:2019 133х20 ст20 7304318090;0
11894;ДСТУ 8939:2019 194х20 ст20 7304318090;7
11896;ДСТУ 8939:2019 194х30 ст45 7304318090;0
11898;ДСТУ 8939:2019 32х 4 ст20 7304318090;20
11900;ДСТУ 8939:2019 57х 4 ст20 7304318090;56
11902;ДСТУ 8939:2019 76х 4 ст20 7304318090;33
11904;ДСТУ 8939:2019 83х14 ст20 7304318090;0
11907;ГОСТ 8732 102х10 ст20 7304399290;0
11909;ГОСТ 8732 102х16 ст20 7304191090;0
11912;ГОСТ 8732 102х22 ст20 7304399290;0
11914;ГОСТ 8732 108х12 ст20 7304399290;0
11916;ГОСТ 8732 108х16 ст35 7304399290;0
11918;ГОСТ 8732 108х25 ст20 7304399290;0
11920;ГОСТ 8732 108х30 ст20 7304399290;0
11922;ГОСТ 8732 114х 6 ст20 7304399290;0
11925;ГОСТ 8732 114х25 ст45 7304191090;0
11927;ГОСТ 8732 114х28 ст20 7304399290;0
11929;ГОСТ 8732 121х 6 ст20 7304191090;2
11931;ГОСТ 8732 121х 8 ст20 7304399290;3
11933;ГОСТ 8732 121х25 ст20 7304399290;0
11935;ГОСТ 8732 121х30 ст35 7304399290;0
11937;ГОСТ 8732 127х 5 ст20 7304191090;0
11939;ГОСТ 8732 127х 8 ст20 7304191090;0
11941;ГОСТ 8732 127х16 ст45 7304191090;0
11944;ГОСТ 8732 127х25 ст20 7304399290;1
11946;ГОСТ 8732 133х 6 ст20 7304399290;0
11948;ГОСТ 8732 133х 8 ст20 7304399290;0
11950;ГОСТ 8732 133х14 ст20 7304398290;0
11952;ГОСТ 8732 133х16 ст35 7304399290;0
11956;ГОСТ 8732 140х 6 ст20 7304191090;0
11958;ГОСТ 8732 140х 8 ст20 7304191090;0
11960;ГОСТ 8732 140х12 ст20 7304399290;0
11962;ГОСТ 8732 140х20 ст20 7304399290;0
11966;ГОСТ 8732 140х30 ст20 7304399290;0
11969;ГОСТ 8732 146х16 ст20 7304191090;0
11972;ГОСТ 8732 146х18 ст20 7304399290;0
11976;ГОСТ 8732 146х30 ст20 7304399290;5
11978;ГОСТ 8732 152х 8 ст20 7304191090;1
11980;ГОСТ 8732 152х10 ст20 7304399290;0
11982;ГОСТ 8732 152х30 ст20 7304399290;4
11984;ГОСТ 8732 152х32 ст20 7304191090;0
11986;ГОСТ 8732 159х 6 ст20 7304191090;0
11988;ГОСТ 8732 159х 8 ст20 7304191090;0
11990;ГОСТ 8732 159х14 ст35 7304399290;6
11993;ГОСТ 8732 159х20 ст20 7304191090;0
11995;ГОСТ 8732 159х20 ст45 7304191090;0
11998;ГОСТ 8732 168х 8 ст20 7304191090;0
12000;ГОСТ 8732 168х10 ст20 7304191090;0
12004;ГОСТ 8732 168х20 ст20 7304399290;0
12006;ГОСТ 8732 168х22 ст45 7304191090;0
12008;ГОСТ 8732 168х28 ст45 7304399290;0
12010;ГОСТ 8732 180х 8 ст20 7304193090;0
12013;ГОСТ 8732 180х16 ст20 7304193090;0
12015;ГОСТ 8732 180х25 ст20 7304193090;0
12020;ГОСТ 8732 190х14 ст20 7304399390;0
12022;ГОСТ 8732 194х16 ст20 7304193090;0
12024;ГОСТ 8732 194х20 ст20 7304399390;0
12026;ГОСТ 8732 194х35 ст20 7304399390;0
12030;ГОСТ 8732 194х40 ст45 7304193090;0
12032;ГОСТ 8732 203х40 ст20 7304193090;0
12034;ГОСТ 8732 203х50 ст45 7304398390;3
12036;ГОСТ 8732 219х 6 ст20 7304193090;16
12038;ГОСТ 8732 219х 8 ст20 7304193090;1
12040;ГОСТ 8732 219х 8 ст20ГУ 7304193090;0
12042;ГОСТ 8732 219х14 ст20 7304193090;0
12044;ГОСТ 8732 219х16 ст20 7304398390;0
12047;ГОСТ 8732 219х30 ст20 7304193090;10
12049;ГОСТ 8732 219х60 ст45 7304193090;0
12051;ГОСТ 8732 226х35 чугун 7304399390;1
12053;ГОСТ 8732 245х 8 ст20 7304193090;0
12055;ГОСТ 8732 245х10 ст20 7304398390;2
12057;ГОСТ 8732 245х12 ст20 7304193090;0
12059;ГОСТ 8732 245х30 ст20 7304193090;10
12062;ГОСТ 8732 273х 8 ст20 7304193090;16
12064;ГОСТ 8732 273х10 ст20 7304399390;0
12066;ГОСТ 8732 273х14 ст20 7304193090;2
12068;ГОСТ 8732 273х18 ст20 7304193090;1
12070;ГОСТ 8732 273х35 ст20 7304193090;0
12072;ГОСТ 8732 299х12 ст20 7304193090;2
12074;ГОСТ 8732 299х16 ст20 7304193090;0
12076;ГОСТ 8732 299х45 ст45 7304193090;0
12078;ГОСТ 8732 325х 8 ст20 7304193090;4
12080;ГОСТ 8732 325х16 ст20 7304193090;0
12082;ГОСТ 8732 325х40 ст20 7304193090;1
12084;ГОСТ 8732 32х 8 ст20 7304191090;0
12086;ГОСТ 8732 351х25 ст45 7304193090;0
12088;ГОСТ 8732 351х50 ст20 7304398390;2
12090;ГОСТ 8732 351х60 ст45 7304193090;0
12092;ГОСТ 8732 377х12 ст20 7304193090;0
12094;ГОСТ 8732 377х16 ст20 7304193090;0
12097;ГОСТ 8732 377х45 ст45 7304193090;1
12099;ГОСТ 8732 402х30 ст20 7304193090;0
12101;ГОСТ 8732 406х20 ст20 7304399390;0
12103;ГОСТ 8732 406х40 ст20 7304193090;0
12105;ГОСТ 8732 40х 5 ст20 7304191090;0
12107;ГОСТ 8732 40х10 ст20 7304191090;0
12109;ГОСТ 8732 426х 9 ст20 7304199090;0
12112;ГОСТ 8732 426х16 ст20 7304399890;0
12114;ГОСТ 8732 426х20 ст20 7304399890;0
12116;ГОСТ 8732 426х35 ст45 7304199090;0
12118;ГОСТ 8732 426х40 ст20 7304399890;0
12120;ГОСТ 8732 426х45 ст20 7304399890;6
12122;ГОСТ 8732 42х 4.5 ст20 7304399290;0
12125;ГОСТ 8732 440х40 ст20 7304199090;0
12127;ГОСТ 8732 457х20 ст20 7304399890;0
12133;ГОСТ 8732 480х10 ст20 7304399890;1
12135;ГОСТ 8732 480х20 ст20 7304199090;0
12137;ГОСТ 8732 480х40 ст20 7304199090;0
12139;ГОСТ 8732 508х32 ст20 7304199090;0
12141;ГОСТ 8732 50х 8 ст20 7304191090;0
12144;ГОСТ 8732 530х 8 ст20 7304199090;1
12146;ГОСТ 8732 530х32 ст20 7304399890;1
12148;ГОСТ 8732 530х50 ст20 7304399890;0
12150;ГОСТ 8732 530х60 ст20 7304199090;0
12152;ГОСТ 8732 57х 5 ст20 7304399290;0
12154;ГОСТ 8732 57х12 ст20 7304191090;1
12156;ГОСТ 8732 60х 8 ст20 7304399290;0
12158;ГОСТ 8732 60х10 ст20 7304399290;0
12160;ГОСТ 8732 60х14 ст20 7304399290;0
12162;ГОСТ 8732 63.5х 5 ст20 7304399290;0
12164;ГОСТ 8732 63.5х16 ст20 7304399290;0
12166;ГОСТ 8732 630х10 ст20 7304199090;0
12168;ГОСТ 8732 630х12 ст20 7304399890;0
12170;ГОСТ 8732 630х14 ст20 7304199090;0
12172;ГОСТ 8732 630х22 ст20 7304199090;0
12175;ГОСТ 8732 630х50 ст20 7304199090;0
12178;ГОСТ 8732 68х12 ст20 7304399290;0
12180;ГОСТ 8732 70х 4.5 ст20 7304399290;0
12182;ГОСТ 8732 720х20 ст20 7304199090;0
12184;ГОСТ 8732 73х10 ст20 7304191090;0
12187;ГОСТ 8732 73х18 ст20 7304399290;0
12190;ГОСТ 8732 76х20 ст20 7304399290;0
12193;ГОСТ 8732 83х16 ст20 7304191090;0
12195;ГОСТ 8732 83х18 ст20 7304191090;0
12198;ГОСТ 8732 89х 6 ст20 7304399290;0
12200;ГОСТ 8732 89х10 ст20 7304191090;0
12202;ГОСТ 8732 89х16 ст20 7304191090;0
12205;ГОСТ 8732 89х22 ст45 7304191090;0
12207;ГОСТ 8732 89х24 ст20 7304399290;0
12209;ГОСТ 8732 95х10 ст20 7304191090;0
12211;ГОСТ 8732 95х16 ст20 7304399290;0
12213;ГОСТ 8732 95х18 ст20 7304191090;0
12215;ГОСТ 8734 120х20 ст20 7304318090;2
12218;ГОСТ 8734 28х 7 ст45 7304318090;0
12220;ГОСТ 8734 40х 8 ст45 7304318090;1
12222;ГОСТ 8734 42х 4 ст20ПВ 7304318090;0
12224;ГОСТ 8734 45х 8 ст20 7304318090;0
12226;ГОСТ 8734 48х 8 ст20 7304318090;0
12232;ГОСТ 8734 50х14 ст20 7304318090;0
12234;ГОСТ 8734 54х 6 ст20 7304318090;1
12236;ГОСТ 8734 54х14 ст20 7304318090;0
12238;ГОСТ 8734 57х 8 ст20 7304318090;0
12240;ГОСТ 8734 57х12 ст20 7304318090;51
12242;ГОСТ 8734 57х14 ст20 7304318090;0
12244;ГОСТ 8734 60х10 ст20 7304199090;0
12246;ГОСТ 8734 60х16 ст20 7304318090;0
12248;ГОСТ 8734 63х 5 ст20 7304318090;14
12250;ГОСТ 8734 63х 9 ст20 7304318090;23
12252;ГОСТ 8734 63х12 ст20 7304318090;2
12254;ГОСТ 8734 65х10 ст20 7304318090;0
12256;ГОСТ 8734 65х14 ст20 7304318090;0
12258;ГОСТ 8734 68х 6 ст20 7304318090;0
12260;ГОСТ 8734 68х16 ст20 7304318090;0
12262;ГОСТ 8734 70х16 ст45 7304318090;0
12264;ГОСТ 8734 80х10 ст20 7304318090;0
12267;ГОСТ 8734 83х10 ст20 7304318090;0
12269;ГОСТ 8734 89х 6 ст20 7304318090;0
12273;ГОСТ 8734 95х12 ст20 7304318090;0
12276;ДСТУ 8540:2015 10х128х6000 S235JR 7208529900;0
12278;ДСТУ 8540:2015 10х310х6000 S235JR 7208529900;0
12280;ДСТУ 8540:2015 10х320х5000 S235JR 7208529900;1
12282;ДСТУ 8540:2015 10х340х6000 S235JR 7208529900;0
12284;ДСТУ 8540:2015 10х380х4500 S235JR 7208529900;2
12286;ДСТУ 8938:2019 102х 5 ст20 7304398290;20
12288;ДСТУ 8938:2019 121х10 ст20 7304398290;0
12290;ДСТУ 8938:2019 121х25 ст20 7304398290;1
12292;ДСТУ 8938:2019 133х 5 ст20 7304398290;0
12294;ДСТУ 8938:2019 133х22 ст20 7304398290;1
12296;ДСТУ 8938:2019 133х36 ст20 7304398290;0
12299;ДСТУ 8938:2019 140х28 ст45 7304398290;0
12302;ДСТУ 8938:2019 146х28 ст45 7304398290;3
12304;ДСТУ 8938:2019 152х25 ст20 7304398290;0
12307;ДСТУ 8938:2019 159х 6 ст20 7304398290;0
12309;ДСТУ 8938:2019 168х10 ст20 7304398290;0
12311;ДСТУ 8938:2019 180х25 ст20 7304398390;0
12313;ДСТУ 8938:2019 194х30 ст20 7304398390;0
12315;ДСТУ 8938:2019 203х36 ст20 7304398390;0
12317;ДСТУ 8938:2019 203х50 ст20 7304398390;0
12320;ДСТУ 8938:2019 219х18 ст20 7304398390;0
12322;ДСТУ 8938:2019 219х36 ст20 7304398390;1
12324;ДСТУ 8938:2019 245х10 ст20 7304398390;1
12326;ДСТУ 8938:2019 245х16 ст20 7304398390;0
12328;ДСТУ 8938:2019 245х30 ст45 7304398390;4
12330;ДСТУ 8938:2019 273х 8 ст20 7304398390;0
12332;ДСТУ 8938:2019 273х40 ст45 7304398390;2
12334;ДСТУ 8938:2019 273х50 ст20 7304398390;1
12336;ДСТУ 8938:2019 27х 2.5 ст20 7304398290;0
12338;ДСТУ 8938:2019 299х60 ст20 7304398390;1
12341;ДСТУ 8938:2019 325х30 ст20 7304398390;0
12343;ДСТУ 8938:2019 325х50 ст20 7304398390;0
12345;ДСТУ 8938:2019 351х60 ст20 7304398390;0
12347;ДСТУ 8938:2019 377х35 ст20 7304398390;2
12349;ДСТУ 8938:2019 377х50 ст20 7304398390;0
12353;ДСТУ 8938:2019 406х16 ст20 7304398390;2
12355;ДСТУ 8938:2019 426х18 ст20 7304398890;2
12363;ДСТУ 8938:2019 530х25 ст20 7304398890;0
12365;ДСТУ 8938:2019 63х16 ст20 7304398290;0
12367;ДСТУ 8938:2019 70х16 ст20 7304398290;0
12369;ДСТУ 8938:2019 73х16 ст45 7304398290;1
12371;ДСТУ 8938:2019 76х 6 ст20 7304398290;0
12375;ДСТУ 8938:2019 80х 5 ст20 7304398290;0
12377;ДСТУ 8938:2019 83х10 ст20 7304398290;0
12379;ДСТУ 8938:2019 83х24 ст20 7304398290;0
12381;ДСТУ 8938:2019 89х 8 ст20 7304398290;0
12383;ДСТУ 8938:2019 89х10 ст45 7304398290;0
12385;ДСТУ 8938:2019 95х 6 ст20 7304398290;0
12387;ДСТУ 8938:2019 95х22 ст45 7304398290;0
12389;ДСТУ 8939:2019 102х 5 ст20 7304318090;13
12395;ДСТУ 8939:2019 102х16 ст45 7304318090;0
12398;ДСТУ 8939:2019 102х22 ст20 7304318090;3
12400;ДСТУ 8939:2019 102х28 ст45 7304318090;0
12405;ДСТУ 8939:2019 108х25 ст20 7304318090;1
12407;ДСТУ 8939:2019 108х28 ст20 7304318090;3
12409;ДСТУ 8939:2019 108х30 ст45 7304318090;5
12411;ДСТУ 8939:2019 114х16 ст20 7304318090;0
12413;ДСТУ 8939:2019 114х28 ст20 7304318090;1
12416;ДСТУ 8939:2019 121х 8 ст20 7304318090;1
12418;ДСТУ 8939:2019 121х14 ст45 7304318090;0
12422;ДСТУ 8939:2019 127х16 ст45 7304318090;2
12424;ДСТУ 8939:2019 127х22 ст20 7304318090;0
12427;ДСТУ 8939:2019 127х28 ст20 7304318090;1
12429;ДСТУ 8939:2019 133х 5 ст20 7304318090;0
12431;ДСТУ 8939:2019 133х10 ст20 7304318090;0
12433;ДСТУ 8939:2019 133х18 ст20 7304318090;0
12435;ДСТУ 8939:2019 133х25 ст20 7304318090;4
12439;ДСТУ 8939:2019 152х 6 ст20 7304318090;0
12445;ДСТУ 8939:2019 152х32 ст20 7304318090;0
12447;ДСТУ 8939:2019 159х12 ст20 7304318090;0
12449;ДСТУ 8939:2019 159х25 ст20 7304318090;4
12451;ДСТУ 8939:2019 159х40 ст20 7304318090;0
12453;ДСТУ 8939:2019 168х16 ст20 7304318090;0
12456;ДСТУ 8939:2019 168х20 ст45 7304318090;1
12458;ДСТУ 8939:2019 180х 8 ст20 7304318090;0
12460;ДСТУ 8939:2019 180х18 ст45 7304318090;0
12462;ДСТУ 8939:2019 180х36 ст20 7304318090;4
12464;ДСТУ 8939:2019 180х45 ст45 7304318090;1
12467;ДСТУ 8939:2019 194х30 ст20 7304318090;0
12469;ДСТУ 8939:2019 203х16 ст20 7304318090;1
12471;ДСТУ 8939:2019 203х35 ст45 7304318090;2
12473;ДСТУ 8939:2019 203х40 ст20 7304318090;2
12475;ДСТУ 8939:2019 203х50 ст20 7304318090;0
12477;ДСТУ 8939:2019 203х60 ст45 7304318090;0
12479;ДСТУ 8939:2019 219х 7 ст20 7304318090;4
12481;ДСТУ 8939:2019 219х10 ст20 7304318090;0
12483;ДСТУ 8939:2019 219х36 ст45 7304318090;2
12485;ДСТУ 8939:2019 219х40 ст45 7304318090;1
12487;ДСТУ 8939:2019 219х45 ст45 7304318090;6
12489;ДСТУ 8939:2019 219х50 ст45 7304318090;3
12491;ДСТУ 8939:2019 219х60 ст45 7304318090;5
12493;ДСТУ 8939:2019 219х70 ст45 7304318090;2
12495;ДСТУ 8939:2019 245х20 ст20 7304318090;1
12497;ДСТУ 8939:2019 245х35 ст20 7304318090;0
12499;ДСТУ 8939:2019 245х40 ст20 7304318090;5
12501;ДСТУ 8939:2019 245х55 ст20 7304318090;4
12503;ДСТУ 8939:2019 245х60 ст20 7304318090;1
12505;ДСТУ 8939:2019 273х16 ст20 7304318090;1
12507;ДСТУ 8939:2019 273х25 ст20 7304318090;2
12509;ДСТУ 8939:2019 273х40 ст20 7304318090;3
12511;ДСТУ 8939:2019 273х42 ст20 7304318090;0
12513;ДСТУ 8939:2019 273х45 ст45 7304318090;3
12515;ДСТУ 8939:2019 273х50 ст45 7304318090;2
12517;ДСТУ 8939:2019 28х 3 ст20 7304318090;6
12519;ДСТУ 8939:2019 299х 8 ст20 7304318090;0
12521;ДСТУ 8939:2019 299х25 ст20 7304318090;0
12523;ДСТУ 8939:2019 299х30 ст20 7304318090;0
12525;ДСТУ 8939:2019 299х36 ст20 7304318090;1
12527;ДСТУ 8939:2019 299х45 ст45 7304318090;0
12529;ДСТУ 8939:2019 325х 8 ст20 7304318090;1
12531;ДСТУ 8939:2019 325х16 ст20 7304318090;0
12533;ДСТУ 8939:2019 325х25 ст20 7304318090;0
12535;ДСТУ 8939:2019 325х35 ст20 7304318090;0
12537;ДСТУ 8939:2019 325х70 ст20 7304318090;0
12542;ДСТУ 8939:2019 34х 8 ст20 7304318090;2
12544;ДСТУ 8939:2019 351х16 ст20 7304318090;3
12546;ДСТУ 8939:2019 351х40 ст20 7304318090;0
12548;ДСТУ 8939:2019 351х50 ст20 7304318090;6
12550;ДСТУ 8939:2019 351х60 ст45 7304318090;0
12552;ДСТУ 8939:2019 351х70 ст45 7304318090;3
12554;ДСТУ 8939:2019 377х30 ст20 7304318090;0
12556;ДСТУ 8939:2019 377х60 ст20 7304318090;8
12558;ДСТУ 8939:2019 38х10 ст20 7304318090;1
12560;ДСТУ 8939:2019 40х 6 ст20 7304318090;0
12562;ДСТУ 8939:2019 426х20 ст20 7304318090;0
12564;ДСТУ 8939:2019 426х60 ст20 7304318090;7
12566;ДСТУ 8939:2019 426х70 ст45 7304318090;3
12570;ДСТУ 8939:2019 48х 6 ст20 7304318090;2
12572;ДСТУ 8939:2019 50х12 ст20 7304318090;1
12574;ДСТУ 8939:2019 57х 3.5 ст20 7304318090;0
12576;ДСТУ 8939:2019 57х 5 ст20 7304318090;1
12578;ДСТУ 8939:2019 57х 8 ст20 7304318090;0
12581;ДСТУ 8939:2019 60х 5 ст20 7304318090;0
12583;ДСТУ 8939:2019 60х 8 ст20 7304318090;0
12589;ДСТУ 8939:2019 63х 5 ст20 7304318090;2
12591;ДСТУ 8939:2019 63х14 ст45 7304318090;0
12593;ДСТУ 8939:2019 65х 8 ст20 7304318090;0
12595;ДСТУ 8939:2019 65х12 ст20 7304318090;0
12597;ДСТУ 8939:2019 68х14 ст20 7304318090;1
12599;ДСТУ 8939:2019 70х 6 ст20 7304318090;2
12601;ДСТУ 8939:2019 70х16 ст20 7304318090;0
12603;ДСТУ 8939:2019 73х 5 ст20 7304318090;1
12605;ДСТУ 8939:2019 76х 5 ст20 7304318090;0
12607;ДСТУ 8939:2019 76х10 ст20 7304318090;3
12610;ДСТУ 8939:2019 76х20 ст20 7304318090;0
12612;ДСТУ 8939:2019 83х 6 ст20 7304318090;0
12614;ДСТУ 8939:2019 83х18 ст45 7304318090;0
12616;ДСТУ 8939:2019 89х 8 ст45 7304318090;0
12619;ДСТУ 8939:2019 89х25 ст20 7304318090;0
12623;ДСТУ 8939:2019 95х12 ст20 7304318090;0
12625;ДСТУ 8939:2019 95х16 ст20 7304318090;0
12631;Труба електрозварна 720х12 S235JR 7305310090;1
12708;ГОСТ 8732 194х40 ст20 7304193090;26
12772;Труба проф. 120х80х10 ст17Г1С 7304900000;0
12853;ГОСТ 8732 168х15 ст45 вним( 166х15!!  );0
12879;ДСТУ 8938:2019 50х 5 ст20 7304398290;0
12906;ДСТУ 8939:2019 45х 6 ст20 7304318090;22
12934;Труба електрозварна 630х10 3сп 7305310090;2
12938;Шпилька М20 L-360мм;32
12940;ДСТУ 8938:2019 159х14 ст20 7304398290;2
12942;Бензін А-95 Mustang;0
12949;ГОСТ 8732 159х10 ст20 7304398290;9
12954;ДСТУ 8938:2019 219х30 ст20 7304398390;3
12958;ДСТУ 8938:2019 377х75 ст20 7304398390;4
12961;ДСТУ 8938:2019 180х 6 стQ345B 7304398390;1
12964;ДСТУ 8938:2019 152х20 ст45 7304398290;0
12968;ДСТУ 8938:2019 127х 5 стQ345B 7304398290;0
12975;ДСТУ 8938:2019 530х14 ст20 7304398890;1
12978;ДСТУ 8938:2019 152х 8 стQ345B 7304398290;5
12981;ГОСТ 8734 80х 6 ст20 7304318090;0
12988;Труби  безшовні гарячодеформовані 54х 4 ст10 7304399290;0
12990;ДСТУ 8938:2019 299х 8 ст20 7304398390;11
12993;ДСТУ 8938:2019 245х50 ст20 7304398390;6
12997;Труба проф. 80х80х 6 стQ345B 7304900000;4
13000;ДСТУ 8938:2019 168х40 ст20 7304398290;5
13002;ДСТУ 8938:2019 273х18 ст20 7304398390;5
13004;Елемент фільтруючий 8NF01P25BBP01;1
13006;Манометер BVR14P01;2
13009;Колодка 3 гнізда з заземленням;2
13011;Силовий роз'єм гніздо стаціон.4*16;1
13014;Шпилька;20
13017;Труба проф. 100х100х 6 стQ345B 7304900000;14
13027;ДСТУ 8939:2019 27х 3.2 ст20 7304318090;18
13029;Цанга зажимна;5
13034;ДСТУ 8938:2019 273х60 ст20 7304398390;7
13047;ДСТУ 8939:2019 45х 8 ст20 7304318090;6
13049;ДСТУ 8939:2019 20х 5 ст20 7304318090;1
13051;ДСТУ 8939:2019 60х 4 ст20 7304318090;0
13053;ДСТУ 8939:2019 20х 3 ст20 7304318090;2
13055;ДСТУ 8939:2019 83х 4 ст20 7304318090;7
13068;Регулятор обортів ел/двигуна тип FR-D740-050SC-EC;1
13070;Болт М12 d 13;12
13072;Вал вхідний;2
13074;Кришка напівмуфти;2
13077;"Втулка зубчаста m=2,5;z=30";2
13079;"Втулка зубчаста m=3;z=30 коніч.отв.";2
13083;Стулья ISO Black V-4;12
13085;УНО+ШАФА Р10;1
13087;ШТАНЫ УТЕПЛЕННЫЕ;16
13089;Шкаф гардер.;2
13091;СТУЛдля поситит.SYLWIA(BOX-4) ZT-24;20
13093;Туалет надворн.(база Новом.);2
13095;Монитор SamsyngS22T390H;1
13097;Микрометр труб.цифровой МТЦ 025мм;1
13099;Образец станд.СО-3;1
13101;КАСКА ЗАЩИТНАЯ;27
13103;Микроволновая печь LG;1
13105;ОГНЕТУШИТЕЛЬ ВВК-1,4на подст.;2
13107;РОЛЕТЫ лайт 210х170ткан.ситц.беж;5
13109;Окуляри мод. V 6100;20
13111;Огнетушитель ВВК-2 с подставкой;2
13113;Тумба мобільна;2
13115;Черевики  утепл. FIRWIN;25
13117;Подставка под болты кас.верт.валков стана  УПС;1
13119;"ЛЕСТНИЦА ""Трембита""";1
13121;Точка доступа UniFi UAP AC;2
13123;НАБОР ОТВЕРТОК ДИЭЛЕКТР STAYER/6шт;1
13125;Черевики шкіряні утеплені FIRWIN;24
13127;Аппарат сварочный ТЕСЛА ММА-253;1
13129;Вогнегасник ВП-5;1
13131;Стол офисн.Рortable(оф.маркетинг);4
13133;Домкрат бутылочный типа (20,0т Haklift);2
13135;Термінал Ericson 320;1
13137;Шлифмашинка угловаяDnipro-MGL-125S;2
13139;Стол офисн.углов.Рortable (оф.маркетинг);4
13141;КОШМА 2х1,5 (пожарн. покрывало);3
13143;Тел.моб.-1600;1
13145;Стол офисн.углов.Zigzag1(оф.маркетинг);2
13147;Бензокоса Foresta FC-43;2
13149;ОГНЕТУШИТЕЛЬ ВВК-3,5;1
13151;Телефон Ай Пi Grandstream GXP1610;10
13153;Шина195/65R15 (дляФордКоннект);4
13155;Устройство скрепляющее;1
13157;Трансформатор тока;2
13159;Точка доступа UbilquitiUniFi ACMesh ProAp -2шт;1
13161;Кондиционер GREE GWH(офис);3
13163;ЛЕСТНИЦА дах. LWS;1
13165;СТУЛдля поситит.SYLWIA ARM(BOX-4) ZT-24;8
13167;ШТАНГЕНЦИРКУЛЬ ШЦ-300 ММ;1
13169;Аппарат для нагрева/охлаждения водыНОТFROST400AS;1
13171;Штангенциркуль ШЦ-11-250-0,05;4
13173;Штангенциркуль ШЦ-!!-250 0,05;1
13175;Шафа навісна;2
13177;Вешалка для одежды Venezia alu;1
13179;КУВАЛДА С РУЧКОЙ 2 КГ;1
13181;Сварочный аппарат IGBT Dnipro-V SAB-258N;1
13183;Тумба відкрита (2шт);2
13185;ПЛАЩ ПВХ;6
13187;Монитор LG 22MP48A- P;1
13189;СТОЛ для перегов. криволин.углов.1100х1150х750Н;2
13191;МФУ НР LJ Pro M130a;3
13193;НАБОР ДЛЯ  РЕЗЬБЫ ТОРЕХ;1
13195;КУВАЛДА С РУЧКОЙ 4 КГ;1
13197;Люнет;4
13199;Тиски слесарние 200мм;1
13201;Кондиционер GREE GWH12AAВ;2
13203;"Брюки утеплені ""ФОРМАН ФЛІС""";4
13205;Монитор 23,5 Samsyng Сurved C24F390F;1
13207;КУРТКА УТЕПЛЕННАЯ ЗИМА;17
13209;Клавиатура игровая TrastGХT;1
13211;Контейнер для ТПВ 0,75мкуб;2
13213;Дозатор рідкого мила автоматичний SDA 500;2
13215;Урна для сміття 47л S-LINE;2
13217;Сушилка автом.для рук;2
13219;СВЕТИЛЬНИК LDW013 наст.;1
13221;ПОЛУКОМБЕНЗОН УТЕПЛЕННЫЙ;14
13223;Шкаф хозяйственный ШМХ-400/2;1
13225;Шафа для документів;2
13227;СТОЛ для сортировки труб;1
13229;Комплект бездрот.НР клавіатура і миша300;1
13231;Тумба 700х320х750;2
13233;Стелаж мет.фарб с полками дсп;1
13235;Тумба мобільна (4шт);4
13237;Кондиционер GREE GWH24AAD;1
13239;Огнетушитель ВВ-2;9
13241;Электр.распред.ящик(контораАНД);1
13243;Монитор23,5 SamsungS24F350F;3
13245;"Кресло ""Тема""";1
13247;Ведро с педалью 10л FPP BUTTERFLY;3
13249;Микрометр трубный МТ-25(типJ);1
13251;Насос для откачки води;1
13253;Стіл оф. однотумбовий кутовий;6
13255;Стелаж метал.Титан;2
13257;Огнетушитель ВП-5;1
13259;ШКАФ  Ш-2а;2
13261;Рукавички гумові діалектричні клас 0, категор.RCB;8
13263;Тумба мобильная ТМ-2 (оф.маркетинг);1
13265;Жалюзи вертикальние;1
13267;КУРТКА УТЕПЛ МЕТЕЛЬ;2
13269;Печь микроволновая WHIRLPOOL MWF 421SL(25л/гриль/э;1
13271;КЛЮЧ ГАЕЧНЫЙ 41*46;2
13273;ИБП Powercom BNT-1000AP USB (безперебойник);1
13275;СТУЛ ПОЛО40/АМФ5РОЗАННА-17;1
13277;ПЕЧЬ ПЭТ-4 22В;3
13279;ТПП-2В 120 (ДГКУ);1
13281;Монитор Samsyng S22T390Н;2
13283;электроводонагр.ATLANTIK Steatite VM100;1
13285;Бурки жіночі;2
13287;СТОЛ 2040х600х750(сторожка);1
13289;Шафа для одягу;3
13291;Стелаж для хранения ГП;1
13293;ОГНЕТУШИТЕЛЬ ВВК-3,5 с подстав.и растр.;4
13295;Стіл для прийому їжі;1
13297;Стілець Квест хром (9шт);1
13299;НАБОР КЛЮЧЕЙ 8-24;2
13301;Ноутбук АSUS Х515JA-BR107;1
13303;Краскораспылитель Компас;1
13305;КЛЮЧ ГАЕЧНЫЙ 32*36;2
13307;Щит силовой электр.(анд);1
13309;Принтер;1
13311;Устройство скрепляющее М4С;3
13313;Мойка с нерж.стали Universal;1
13315;Шафа для документів (2шт);2
13317;СТОЛ пис.1400х700х750;2
13319;Комплект Dell КМ636 клавіатура з мишкой;2
13321;Стол однотумбовый(1360х600)(4 шт);1
13323;Кондиционер GREE GWH12ААВ;1
13325;Секция кухонная (нижняя);1
13327;ШКАФ офисный;2
13329;УГЛОМЕР ТОРЕХ30С343 350х210;1
13331;МОЛОТОК С РУЧКОЙ 800Г;2
13333;Тел.моб.-2610;1
13335;СТОЛ;3
13337;Чайник электр.FHILIPS HD931/93;1
13339;СТОЛ,КОНТЕЙНЕР;1
13341;Коммутатор НРJ9663А;1
13343;Аппарат NOKIA 107;1
13345;ОГНЕТУШИТЕЛЬ ВП-6;1
13347;Холодильник ZanussiZRT2710WA;1
13349;Диван Бона;1
13351;МОНИТОР SAMSUNG S22F350F;1
13353;Штангенциркуль ШЦ-11 0-250 0,5;1
13355;ПРИНТЕР Куосеra FS-2000D;1
13357;ШТАНГА ОПЕРАТИВНАЯ(ШО-15);1
13359;Холодильник Elektrolux ERT150 1FOW3;1
13361;Кресло МустангМеханизмАніфікс хромНеаполь;1
13363;Источник бесп. питания Mustek Power Must1000;1
13365;Светильник светод.СЭС8-125;2
13367;Видеопанель SOLO;1
13369;МИКРОМЕТР МТЦ0-25;1
13371;"Напівкомбінезон утеплений ""Зима""";2
13373;Тумба мобил.(оф.маркет)- (9шт);1
13375;Перегородка на стол(оф.маркет)-(4шт);1
13377;Плита индукционная HAUSMARK IC-YLO4D;1
13379;Котел електр.ТеnkoСПКЕ10,2 380;1
13381;НАБОР СВЕРЕЛ Д 4-12;1
13383;Прожектор;1
13385;Конвектор Термия ОС;1
13387;ШТАНГЕНЦИРКУЛЬ ШЦ-150;1
13389;Мотокоса ИЖ;1
13391;Многоф.устр-воFS-1025MFP Куосера;1
13393;СТОЛ С-10;1
13395;Перегородка на стіл (8шт);1
13397;Насос ручной для масла ротор.;1
13399;Зарядноеустройство МахinterPlus 30вт;1
13401;Стіл оф. однотумбовий;8
13403;Смартфон Samsyng Galaxy M31red;1
13405;Монитор 24 Samsung S24R350F;1
13407;КЛЮЧ ГАЕЧНЫЙ 36*41;1
13409;Тумба Т1 (оф.маркетинг);1
13411;Колесо дорожное мерное;1
13413;Системный блок АRTLINE BisinessB37;1
13415;Мобильный телефон Nokia 105( TA-1034) DS;1
13417;КАЛЬКУЛЯТОР CITIZEN SDC-888Т;1
13419;Шкаф для одежды комбин.;1
13421;ПланшетSamsyng Galaxe Tab A7LTE Grey;1
13423;Стелаж-карман;2
13425;Термоплаза ТР325 с терморегулятором;1
13427;Коммутатор D-link DGS-1210-10;2
13429;Стелажи для документов (оф.маркетинг);1
13431;ТОПОР хоз.кованный0,75кг с ручкой;2
13433;Монитор ASUS VC239HE;1
13435;Станок сверл.FDB MaschinenDrilling13/50;1
13437;СТОЛЫ АМФ ST-82вишня(Тех.отд));2
13439;Лестница KRAUSE Tribilo 3[11;1
13441;ТОЧИЛО ИЖ1150;1
13443;Вешалкадля одежды.Venezia blac;1
13445;СТОЛ под компьютер;1
13447;Печь микрохв.CANDY CMW207OM;1
13449;Тумба 800х350х750;1
13451;УГЛОВОЕ РЕШЕНИЕ УР-1;1
13453;Монитор 23,8Dell p2418D;1
13455;Тел.моб-160;1
13457;ЭЛЕКТРОШЛИФМАШИНКА DWT 230TT;1
13459;Чайник пластиковый BRAUN WK3100 BK;1
13461;Штангенциркуль цифр.высокоч.ШЦЦ1-150;1
13463;Комплект бездрот.НР клав.і миша300;1
13465;Анимометр М-95МЦ;1
13467;КУВАЛДА С РУЧКОЙ 6 кг;1
13469;ШКАФ купе Н-700мм;1
13471;ШКАФдля одежный ШО-400/2уп;2
13473;Щит пожарний;1
13475;ШТАМП W22.5/PG16;1
13477;Топор пожарний;1
13479;Пылесос промышленный (ППУ 1,5 Wix);1
13481;Поверхность электрич.PYRAMIDA CFEA640B;1
13483;УГЛ. шлифмаш9555NB:710Вт,125мм;1
13485;ПЛОСКОГУБЦЫ ДИЭЛЕКТР,STAYER 180мм;1
13487;МИКРОМЕТР труб.цифр.Микротех МТЦ-50;1
13489;ШКАФдля одежды двойной;1
13491;Огнетушитель ВП-2;2
13493;Планшет SamsyngGalaxyTab A T510 10.1 WiFi2\32;1
13495;Доска сух-магн.в алюм. рамке с принадл.;1
13497;Радиотерминал GSM Sprit Universal;2
13499;Стабилизатор AVR;1
13501;Клавиатура Microsoft WirelessDesktor850;1
13503;Шкаф гардеробный;1
13505;Насос ручной 16/л/хв;1
13507;"Знак ""Звонить 101""";1
13509;Кухня;1
13511;Костюм  ПВХ + нейлон;1
13513;Тумба (оф.маркетинг);1
13515;Плащ влагост.NICK.ПВХ;1
13517;Кресло МустангМеханизм Аніфікс хром неаполь;1
13519;ПРИНТЕР Куосеrа FS-1120D;1
13521;"Машинко пиш. ""Листвица""";1
13523;Монитор 23.8 DELL P2418D(210-AMRS);1
13525;СТОЛ С-4;1
13527;Образец станд.СО-1;1
13529;Мобильный телефон Nokia 106 DS TA 1114;1
13531;Комплект Dell КМ717 клавіатура з мишкой;1
13533;Полка 8289;1
13535;СЧЕТЧИК ТРЕХФАЗНЫЙ НИК2303 АРК1;1
13537;КОНТЕЙНЕР для кислородного балона;1
13539;Тумба під МФУ;1
13541;Печь микроволновая Samsyng(2шт);1
13543;КоммутаторD-Link DGS-1100-OBR;1
13545;Лом;1
13547;Туалет надворн. (уч.№5);1
13549;Стелаж (оф. маркетинг);1
13551;Пожарная автоматика;1
13553;GREEN CAPLE 950 (упс);1
13555;Шкаф мет.под электр3-х фазн.счетчик;1
13557;КРЕСЛОПРЕСТИЖ М ЛЮКС;1
13559;ДСТУ 8938:2019 168х 5 ст20 7304398290;2
13561;ДСТУ 8938:2019 273х10 ст20 7304398390;6
13566;Вал вертикальний Блок 2 (клеть 4) УПС 10.520-4-04;2
13568;ДСТУ 8938:2019 299х45 ст20 7304398390;16
13572;ГОСТ 8732 159х14 ст20 7304398290;14
13575;ДСТУ 8938:2019 133х32 ст20 7304398290;3
13577;ДСТУ 8939:2019 85х 4 ст20 7304398290;0
13580;ДСТУ 8939:2019 85х 6 ст20 7304398290;1
13583;ДСТУ 8938:2019 146х22 ст20 7304398290;1
13585;ДСТУ 8938:2019 168х20 ст35 7304398290;4
13592;Кепка К5 саржа, грета;1
13605;ДСТУ 8938:2019 121х14 ст45 7304398290;3
13607;Роз'єм 32/500 2-х полюсний;20
13610;Вилка кутова з/з штепсельна, біла;5
13612;Провід ПВ-3 нгд 10;11
13625;Втулка ф76мм;2
13627;Лист 20;0
13629;ДСТУ 8939:2019 51х 4 ст20 7304318090;0
13631;ДСТУ 8939:2019 73х 4 ст20 7304318090;3
13635;фотобарабан;2
13651;ДСТУ 8938:2019 351х60 ст45 7304398390;5
13653;ДСТУ 8938:2019 426х36 ст45 7304398890;5
13655;ДСТУ 8938:2019 299х40 ст45 7304398390;3
13657;ДСТУ 8938:2019 219х36 ст45 7304398390;5
13660;ДСТУ 8938:2019 273х36 ст45 7304398390;6
13705;ДСТУ 8938:2019 133х20 ст20 7304398290;3
13709;WG-12S2410 КонвертерDC-DC CONVERTER RCNUN 12V-24V 240W12V 10A;1
13711;ДСТУ 8938:2019 426х32 ст20 7304398890;5
13713;ДСТУ 8938:2019 299х60 ст45 7304398390;5
13715;ДСТУ 8938:2019 351х20 ст20 7304398390;3
13719;Труба проф. 200х80х 6 стQ345B 7304900000;2
13722;ДСТУ 8939:2019 530х70 ст45 7304318090;7
13726;Труба проф. 200х200х12 ст09Г2С 7304900000;14
13728;ДСТУ 8938:2019 219х22 ст20 7304398390;3
13730;ГОСТ 8732 146х 8 ст20 7304398290;22
13733;ДСТУ 8938:2019 48.3х 4.5 ст20 7304398290;2
13737;Командоконтролер ККТ 61;1
13739;ДСТУ 8938:2019 95х10 ст20 7304398290;9
13741;ДСТУ 8938:2019 168х28 ст20 7304398290;5
13747;ДСТУ 8938:2019 351х55 ст20 7304398390;5
13749;ДСТУ 8938:2019 245х12 ст20 7304398390;7
13754;Куртка робоча демісезонна Insight Holden;3
13756;Напівкомбінезон робочий демісезонний Insight Holden;2
13760;ДСТУ 8938:2019 70х 4 ст20 7304398290;6
13763;ГОСТ 8732 219х10 ст20 7304193090;55
13766;Труба проф. 200х150х10 стQ345B 7304900000;9
13769;ДСТУ 8938:2019 121х30 ст20 7304398290;3
13774;Поршнева 43;1
13777;Редуктор;1
13782;Карбюратор;2
13784;ДСТУ 8938:2019 114х18 ст20 7304398290;6
13786;ДСТУ 8938:2019 102х18 ст20 7304398290;0
13788;ДСТУ 8938:2019 133х25 ст35 7304398290;5
13791;ГОСТ 8732 159х 4.5 ст20 7304398290;8
13796;ДСТУ 8939:2019 28х 4 ст20 7304318090;6
13799;GB/T 8162:2018 80х 8 ст20 7304318090;17
13804;GB/T 8162:2018 89х10 ст20 7304318090;3
13807;GB/T 8162:2018 28х 4 ст20 7304318090;5
13812;GB/T 8162:2018 76х 6 ст20 7304318090;15
13817;ДСТУ 8938:2019 168х24 ст20 7304398290;5
13819;ДСТУ 8938:2019 146х25 ст20 7304398290;5
13823;GB/T 8162:2018 51х 6 ст20 7304318090;0
13827;GB/T 8162:2018 42х 5 ст20 7304318090;19
13829;GB/T 8162:2018 60х 5 ст20 7304318090;27
13832;GB/T 8162:2018 89х 5 ст20 7304318090;5
13835;ДСТУ 8939:2019 21х 2 ст20 7304318090;0
13837;ДСТУ 8939:2019 28х 2 ст20 7304318090;2
13839;ДСТУ 8939:2019 36х 8 ст20 7304318090;2
13841;ДСТУ 8939:2019 42х12 ст20 7304318090;3
13844;ДСТУ 8939:2019 89х 4 ст20 7304318090;6
13846;ДСТУ 8939:2019 32х 2.6 ст20 7304318090;0
13848;ДСТУ 8938:2019 299х16 ст20 7304398390;6
13850;ДСТУ 8938:2019 159х16 ст20 7304398290;2
13854;ДСТУ 8938:2019 194х30 ст45 7304398390;4
13857;GB/T 8162:2018 45х 8 ст20 7304318090;8
13863;GB/T 8162:2018 168х20 ст20 7304318090;6
13865;GB/T 8162:2018 83х14 ст20 7304318090;3
13867;GB/T 8162:2018 89х10 ст45 7304318090;4
13869;ДСТУ 8939:2019 63х14 ст20 7304318090;4
13874;ДСТУ 8939:2019 17х 2.5 ст20 7304318090;0
13877;ГОСТ 8732 159х 5 ст20 7304398290;31
13880;ДСТУ 8938:2019 219х 9 ст20 7304398390;3
13882;ДСТУ 8938:2019 299х30 ст20 7304398390;6
13885;Комплект для трансформування 11 G460(дод.секція  до контактора);2
13887;ДСТУ 8938:2019 76х16 ст45 7304398290;14
13890;GB/T 8162:2018 18х 5 ст20 7304318090;2
13893;GB/T 8162:2018 60х 3 ст20 7304318090;5
13895;GB/T 8162:2018 89х 6 ст20 7304318090;1
13899;GB/T 8162:2018 108х10 ст20 7304318090;0
13903;GB/T 8162:2018 180х 6 ст20 7304318090;3
13909;ДСТУ 8938:2019 152х18 ст20 7304398290;5
13920;ДСТУ 8938:2019 377х30 ст20 7304398390;4
13923;ДСТУ 8938:2019 245х35 ст20 7304398390;5
13925;ДСТУ 8938:2019 194х35 ст20 7304398390;5
13928;Лист гарячекатаний 8,00 х2000х6000 стS235J2 7208529900;18
13937;Затиск для мет. стрічки 32х57мм оцинкований;1
13939;Світильник пром.підвісний LED 200w 6400K;2
13941;Хомут чорний 7,6х370 (100шт);1
13943;Корпус модульний з кришкою під 1-2 авт/1/20;2
13946;ДСТУ 8939:2019 25х 2 ст20 7304318090;3
13948;ДСТУ 8939:2019 30х 6 ст20 7304318090;1
13950;ДСТУ 8939:2019 30х 5 ст20 7304318090;4
13953;GB/T 8162:2018 40х 1.5 ст20 7304318090;0
13956;GB/T 8162:2018 60х12 ст20 7304318090;14
13962;GB/T 8162:2018 38х 4 ст20 7304318090;19
13966;GB/T 8162:2018 48х 5 ст20 7304318090;0
13968;GB/T 8162:2018 57х10 ст20 7304318090;5
13971;GB/T 8162:2018 102х10 ст20 7304318090;2
13975;GB/T 8162:2018 159х10 ст20 7304318090;5
13982;GB/T 8162:2018 108х 4 ст20 7304318090;10
13986;Труба проф. 120х120х 8 стQ345B 7304900000;5
13990;GB/T 8162:2018 20х 1.5 ст20 7304318090;0
13993;GB/T 8162:2018 25х 7 ст20 7304318090;0
13995;GB/T 8162:2018 30х 5 ст20 7304318090;5
13998;GB/T 8162:2018 48х 8 ст20 7304318090;5
14001;GB/T 8162:2018 54х10 ст20 7304318090;5
14003;GB/T 8162:2018 57х 5 ст20 7304318090;3
14005;GB/T 8162:2018 89х 3.5 ст20 7304318090;3
14007;ДСТУ 8938:2019 83х18 ст20 7304398290;2
14013;Скрипляючий пристрій М4С;2
14016;ДСТУ 8938:2019 159х20 ст20 7304398290;4
14018;ГОСТ 8732 114х 8 ст20 7304398290;6
14021;ДСТУ 8938:2019 180х16 ст20 7304398390;6
14023;ГОСТ 8732 325х12 ст20 7304193090;2
14027;Олива моторна MOL Dymanic Transit 10W-40 CI-1 (20л);2
14030;ТОСОЛ А-40М;40
14038;ДСТУ 8938:2019 180х28 ст35 7304398390;5
14040;ДСТУ 8938:2019 180х40 ст20 7304398390;5
14042;ДСТУ 8938:2019 108х14 ст20 7304398290;5
14045;Напівкомбінезон утепл. Insight SPECIAL;1
14047;Рукавички зварника Ardon Kirk;10
14049;ДСТУ 8938:2019 63.5х 6 ст20 7304398290;5
14052;Труба проф. 100х100х 8 стQ345B 7304900000;5
14054;GB/T 8162:2018 40х 8 ст20 7304318090;3
14056;GB/T 8162:2018 45х 3 ст20 7304318090;3
14058;GB/T 8162:2018 83х 4 ст20 7304318090;11
14060;ДСТУ 8938:2019 426х40 ст20 7304398890;6
14062;Труба 28х 4 ст20 7304318090;0
14065;ДСТУ 8938:2019 180х30 ст45 7304398390;5
14070;ДСТУ 8938:2019 351х35 ст20 7304398390;5
14072;ДСТУ 8938:2019 146х16 ст20 7304398290;6
14075;Термоусаджувальна трубка 10,0/5,0 шт.(1м);12
14077;Трансформатор струму TOPN-0.66 0.5S (0.5);3
14079;Светильник Lebron L-PR-641  6W вбудов. 4100K LED;6
14081;Стяжка кабельна (хомут)чорна.4х200 (3,6х200) (100шт).;2
14083;Роз'єм із заглушкою 1х16А (кауч);6
14094;Ремкомплект подушки вертикального валу;5
14096;ДСТУ 8938:2019 127х10 ст20 7304398290;5
14099;Контакт до КТ-6020 рух.мідь.;6
14101;Контакт до ПМА -3000 рух.мідь;6
14103;Контакт до ПМА -4000 рух.мідь;6
14105;Щітка МГ 15х50х35;6
14107;ГОСТ 8732 114х 7 ст20 7304398290;1
14111;Труби сталеві безшовні насосно-компресорні з гладкими кільцями без муфт м/с 30Г2-ІІ (UPG.J55) API Spec 5СТ, 11th edition, Dec 2023 88.90х6,45 R2 PE;13
